Course,historical_avgs,predicted_avg
ACCT351,"[3.0, 3.0, 3.0, 3.0, 2.3, 3.0, 3.3, 3.3, 2.7, 3.3, 2.7, 3.3]",3.082324992
ACCT352,"[3.0, 3.0, 3.3, 3.3, 3.3, 3.3]",3.26112
ACCT354,"[3.0, 3.0, 3.3, 3.0, 3.0, 3.3, 3.3]",3.207552
ACCT361,"[3.3, 3.0, 3.3, 3.0, 3.0, 3.3, 3.3, 3.3, 3.3, 3.0]",3.1630545408
ACCT362,"[3.3, 3.7, 3.3]",3.396
ACCT385,"[3.0, 3.0, 3.3, 3.3, 3.3, 3.3, 3.3, 3.0, 3.3]",3.2196019199999997
ACCT452,"[3.3, 3.3]",3.3
ACCT453,[3.3],3.3
ACCT455,[3.3],3.3
ACCT463,[3.7],3.7
ACCT475,"[3.3, 3.3]",3.3
ACCT486,"[3.3, 3.3, 3.3]",3.3
AEBI120,"[3.3, 3.7, 3.7, 3.3, 3.3, 3.3, 3.3, 3.3, 3.3, 3.0, 2.7]",2.99229981696
AEBI122,"[3.0, 3.3, 3.0, 2.7, 2.3, 3.3, 3.0]",2.9546112
AEBI210,"[3.7, 3.0, 3.3, 3.3, 3.3, 3.3, 3.3, 3.7, 3.7, 3.3]",3.4556155392
AEBI211,"[3.0, 3.3, 3.3, 3.3, 3.3, 3.3, 3.7, 3.3, 3.0]",3.232561152
AEBI212,"[3.3, 3.7, 3.7, 3.7, 3.3, 3.3, 4.0, 4.0, 4.0]",3.873185536
AECH110,"[3.3, 3.3, 3.0, 3.3, 3.3, 3.3, 3.3, 3.3, 3.7, 3.7, 3.3]",3.4515844607999995
AECH111,"[3.0, 3.0, 2.7, 2.7, 3.0, 3.0, 3.3, 3.7, 3.3]",3.3162700800000007
AEHM205,"[3.0, 3.7, 3.0, 3.3, 3.3, 3.0, 3.3, 3.0, 3.0, 3.3, 3.0]",3.09933170688
AEMA101,"[2.0, 2.7, 2.3, 2.7, 2.7, 2.7, 2.3, 3.0, 3.3, 3.0, 2.7]",2.85666398208
AEMA102,"[2.7, 2.7, 2.7, 3.0, 3.0, 2.7, 2.7, 3.3, 2.3]",2.7088832
AEMA202,"[2.7, 2.7, 3.3, 3.3, 3.0]",3.0504000000000007
AEMA305,"[2.7, 2.7, 3.3, 3.0, 3.3]",3.0984000000000003
AEMA310,"[3.3, 3.3, 3.3, 3.3, 2.7, 3.3, 3.3, 3.0, 3.0, 3.7, 3.3, 3.3, 3.0, 3.0]",3.11138743296
AEPH112,"[3.3, 3.3, 3.0, 3.0, 3.0, 2.7, 2.7, 3.3, 2.7, 2.7]",2.814766848
AEPH113,"[2.3, 3.0, 2.7]",2.628
AEPH114,"[3.3, 3.0, 3.0, 2.7, 3.0, 2.3, 3.0, 3.0]",2.89204608
AEPH115,"[2.7, 2.3, 3.3]",2.8440000000000003
AERO401,"[4.0, 4.0]",4.0
AFRI200,"[3.3, 3.3, 3.7, 3.3, 3.7, 3.3, 3.3, 4.0]",3.6270016
AFRI401,"[4.0, 4.0, 4.0]",4.0
AGEC200,"[4.0, 3.3, 3.3, 3.7, 4.0, 3.3]",3.580032
AGEC231,[3.3],3.3
AGEC330,[3.3],3.3
AGEC430,"[3.7, 3.7]",3.7
AGEC442,[3.7],3.7
AGRI215,[4.0],4.0
AGRI325,[3.7],3.7
AGRI330,[4.0],4.0
AGRI340,"[4.0, 4.0, 4.0]",4.0
AGRI411,"[3.7, 3.7, 3.7, 3.7]",3.7
AGRI510,[4.0],4.0
AGRI550,[3.7],3.7
ANAT212,"[3.3, 3.3, 3.3, 3.3, 3.3, 3.3, 3.3, 2.7, 3.3]",3.1559999999999997
ANAT214,"[3.3, 3.3, 3.3, 3.3, 3.3, 3.0, 4.0, 3.3, 3.7]",3.5348800000000002
ANAT261,"[3.0, 3.3, 3.3, 3.0, 3.7, 3.3, 3.0, 3.7, 3.3, 3.3]",3.3354995711999997
ANAT262,"[3.3, 3.3, 3.0, 3.0, 3.3, 3.3, 3.7, 3.7, 3.3]",3.4386700800000005
ANAT314,"[3.0, 3.7, 3.7, 3.3]",3.3888
ANAT315,"[3.3, 3.0, 3.3, 3.3, 3.3, 3.7, 3.7, 3.3, 3.0]",3.2688007679999997
ANAT316,"[3.7, 3.3, 3.3, 3.3, 3.7, 3.3, 3.3]",3.3762624
ANAT321,"[3.7, 3.7, 3.7, 4.0, 4.0, 4.0, 3.7, 3.7]",3.7846720000000005
ANAT322,"[3.3, 3.3, 3.3, 3.3, 3.7, 3.0, 3.0]",3.1656000000000004
ANAT323,"[3.3, 3.7, 3.7]",3.556
ANAT365,"[2.7, 3.0, 3.3, 3.0, 3.3, 3.7, 3.0, 2.7]",3.00765312
ANAT381,"[3.3, 3.0, 3.7, 3.0, 3.0]",3.1396800000000002
ANAT416,"[3.7, 3.3, 3.7, 3.7, 3.7]",3.6654400000000003
ANAT458,[3.3],3.3
ANAT514,[4.0],4.0
ANAT541,"[3.3, 3.7, 3.7, 3.7]",3.6136
ANSC234,"[3.0, 3.0, 3.0, 3.7, 3.7]",3.4480000000000004
ANSC250,"[3.3, 3.3, 3.7, 3.3, 3.3]",3.3575999999999997
ANSC312,"[3.3, 3.3]",3.3
ANSC323,"[3.3, 3.3, 3.3, 3.0, 3.7, 3.3]",3.3528000000000002
ANSC350,"[3.7, 3.7]",3.7
ANSC400,"[3.3, 3.7, 3.3]",3.396
ANSC420,"[3.7, 3.3]",3.54
ANSC424,"[3.3, 3.3, 3.3, 4.0]",3.58
ANSC560,[3.7],3.7
ANTH201,"[3.3, 3.3, 3.7, 3.3, 3.7, 3.7, 3.7, 3.7, 3.7, 3.7, 3.7, 3.7]",3.6948939673600005
ANTH202,"[3.3, 3.3, 3.3, 3.3, 3.3, 3.3, 3.3, 3.3, 3.7, 3.3, 3.7, 3.7, 3.3]",3.474336
ANTH203,"[3.0, 3.3, 3.0, 3.3]",3.1632
ANTH204,"[2.3, 3.0, 3.7, 3.3, 3.7, 3.7]",3.497248
ANTH206,"[3.0, 3.0, 3.0, 3.3, 3.7, 3.7, 3.7, 3.7]",3.6248320000000005
ANTH207,[3.7],3.7
ANTH209,"[3.3, 2.7, 3.0, 3.0, 3.7, 3.3, 3.7, 3.7]",3.55447936
ANTH210,"[3.0, 3.0, 3.0, 3.3, 3.3, 3.3, 3.7, 3.7, 3.7, 3.3]",3.4797619199999996
ANTH212,"[3.3, 3.0, 3.3, 3.7, 3.7, 3.7, 4.0, 4.0, 3.3, 3.7, 3.7]",3.67594421248
ANTH222,"[3.3, 3.0, 3.0, 3.0, 3.0, 3.7, 3.3, 3.3]",3.30119808
ANTH227,"[3.0, 3.7, 3.3, 3.7, 4.0, 3.3, 3.3, 3.7, 3.3, 3.7, 3.3, 3.3, 3.7]",3.5132443967488003
ANTH301,[3.3],3.3
ANTH302,"[3.7, 4.0, 3.7, 3.3, 4.0]",3.74992
ANTH303,[3.3],3.3
ANTH304,[3.3],3.3
ANTH307,"[4.0, 3.7]",3.88
ANTH308,"[3.0, 3.0, 3.3, 4.0]",3.472
ANTH311,"[3.3, 3.3, 3.3, 3.3]",3.3
ANTH314,"[3.7, 4.0]",3.8200000000000003
ANTH318,"[3.3, 3.7]",3.46
ANTH319,"[3.3, 3.7]",3.46
ANTH322,"[3.3, 3.3, 3.3, 3.7, 3.7, 3.7]",3.6136
ANTH325,"[3.7, 3.7, 3.7]",3.7
ANTH326,"[3.7, 3.3, 3.3, 3.7]",3.5464
ANTH327,[3.3],3.3
ANTH331,[3.7],3.7
ANTH332,"[3.7, 3.7]",3.7
ANTH339,"[3.3, 3.3, 3.0, 3.3, 3.0, 3.7, 3.3, 3.3]",3.3223487999999994
ANTH343,"[3.3, 3.3, 3.3]",3.3
ANTH352,"[3.7, 3.3, 3.3, 3.7, 3.7, 3.3, 3.7]",3.5708224
ANTH355,"[3.3, 3.3]",3.3
ANTH357,"[3.7, 3.7]",3.7
ANTH358,"[3.7, 3.3, 3.7, 4.0]",3.7624
ANTH359,"[3.3, 3.3]",3.3
ANTH361,[3.7],3.7
ANTH370,[3.7],3.7
ANTH380,[4.0],4.0
ANTH381,[3.7],3.7
ANTH423,[4.0],4.0
ANTH440,[3.7],3.7
ARCH201,"[3.7, 3.7, 3.7, 3.7, 3.7]",3.7
ARCH202,"[3.7, 3.7]",3.7
ARCH221,"[3.7, 3.7, 3.7, 3.7, 3.7]",3.7
ARCH240,"[3.7, 3.7, 4.0]",3.8200000000000003
ARCH241,"[3.7, 3.7, 3.7]",3.7
ARCH250,"[3.7, 3.7, 3.7, 3.7]",3.7
ARCH251,"[3.3, 3.3]",3.3
ARCH377,[4.0],4.0
ARCH378,"[3.7, 4.0]",3.8200000000000003
ARCH447,[3.7],3.7
ARCH517,"[3.7, 4.0, 4.0, 3.7]",3.8152
ARCH528,"[3.7, 3.7, 3.7]",3.7
ARTH200,"[3.7, 3.0, 3.3, 3.7, 3.7]",3.58192
ARTH202,"[3.7, 3.7, 3.7, 3.7, 4.0, 3.7]",3.7720000000000002
ARTH204,"[3.3, 3.7, 3.7]",3.556
ARTH205,"[3.3, 3.3, 3.3, 3.3, 3.7, 3.3, 3.7, 3.7]",3.59056
ARTH207,"[3.3, 3.7, 3.3, 3.3, 3.3, 3.3, 3.7, 3.7, 3.7]",3.6180789760000005
ARTH209,[3.3],3.3
ARTH215,"[3.0, 2.7, 3.7, 3.3]",3.2448
ARTH223,"[3.3, 3.3]",3.3
ARTH226,"[3.7, 3.3, 3.3, 3.7]",3.5464
ARTH300,[3.3],3.3
ARTH305,"[3.3, 3.3, 3.3, 3.7, 3.7, 3.7]",3.6136
ARTH314,[3.0],3.0
ARTH315,"[3.3, 3.0, 3.3]",3.2279999999999998
ARTH321,"[3.3, 3.3, 3.3]",3.3
ARTH323,[3.7],3.7
ARTH325,[3.3],3.3
ARTH336,[3.3],3.3
ARTH337,[3.7],3.7
ARTH338,"[3.3, 3.3]",3.3
ARTH339,"[3.3, 3.3, 3.7]",3.46
ARTH352,[4.0],4.0
ARTH353,"[3.3, 3.3, 3.7, 3.7, 3.3, 3.3]",3.3921599999999996
ARTH354,"[3.7, 3.7, 3.3, 4.0]",3.724
ARTH357,[3.7],3.7
ARTH368,[3.3],3.3
ATOC181,"[3.3, 3.0, 3.3, 3.0, 3.3, 3.0, 3.3, 3.0, 3.0, 3.7, 3.3, 2.7, 3.3]",3.1606728880128
ATOC182,"[3.3, 3.7, 3.3]",3.396
ATOC184,"[3.7, 3.7, 3.3, 3.7, 3.7, 3.7, 3.7]",3.679264
ATOC185,"[3.3, 3.3, 3.3, 3.3, 3.3, 3.7, 3.7, 3.7, 4.0]",3.76816
ATOC214,"[3.7, 3.0, 3.0, 3.0, 3.3, 3.7, 3.3, 3.3]",3.33831552
ATOC215,"[3.0, 3.7]",3.2800000000000002
ATOC219,"[2.7, 3.3]",2.9400000000000004
BASC201,"[3.7, 4.0, 3.7, 3.7, 3.7, 3.7, 4.0, 3.7, 3.7]",3.746559232
BIEN200,"[3.7, 3.0, 3.7, 3.7, 4.0, 4.0, 4.0]",3.9134272
BIEN210,"[3.7, 3.7, 3.7, 4.0, 3.7, 3.7]",3.7432
BIEN219,"[3.7, 3.7, 4.0]",3.8200000000000003
BIEN290,"[4.0, 4.0, 3.7, 4.0, 4.0, 3.7]",3.8540799999999997
BIEN300,"[3.0, 3.7, 3.3]",3.2880000000000003
BIEN310,"[3.7, 3.7, 3.7, 3.7, 3.7]",3.7
BIEN314,"[3.7, 4.0, 3.7]",3.7720000000000002
BIEN320,"[3.7, 4.0, 4.0]",3.8920000000000003
BIEN330,"[4.0, 4.0]",4.0
BIEN340,"[3.7, 4.0]",3.8200000000000003
BIEN350,"[3.0, 3.0, 3.0, 3.7, 4.0, 3.3]",3.4608
BIEN360,"[3.7, 4.0, 4.0, 3.7]",3.8152
BIEN390,"[3.7, 4.0, 4.0, 4.0, 4.0]",3.96112
BIEN410,"[3.7, 3.7]",3.7
BIEN420,"[4.0, 4.0]",4.0
BIEN470D2,[4.0],4.0
BIEN471,"[3.7, 4.0]",3.8200000000000003
BIEN510,[4.0],4.0
BIEN530,"[3.7, 3.7]",3.7
BIEN540,[4.0],4.0
BIEN550,"[4.0, 4.0]",4.0
BIEN560,[3.7],3.7
BIEN570,[4.0],4.0
BIEN590,"[4.0, 4.0]",4.0
BIOC212,"[3.3, 3.3, 3.3, 3.3, 3.3, 3.3, 3.0, 3.0]",3.1079999999999997
BIOC220,"[3.3, 3.0, 3.3, 3.3, 3.0, 3.0, 3.0]",3.0554688
BIOC311,"[3.7, 3.3, 3.7, 3.0, 2.7, 3.7, 3.3, 3.0]",3.19384704
BIOC312,"[3.0, 3.0, 3.3, 3.3, 3.3, 3.0]",3.14112
BIOC320,"[3.3, 3.3, 3.3, 3.0, 3.3, 2.7, 3.0]",3.0100800000000003
BIOC404,[3.3],3.3
BIOC450,"[3.3, 3.0, 3.3, 3.3, 3.7, 3.7]",3.5404480000000005
BIOC454,"[3.3, 3.0, 3.3, 3.7, 3.3, 3.3]",3.342048
BIOC470,"[3.7, 3.7, 3.3]",3.54
BIOL111,"[3.3, 3.3, 3.7, 3.3, 3.3, 3.3, 3.7, 3.7, 4.0, 3.7, 3.7]",3.7147833856000005
BIOL112,"[3.0, 3.0, 3.0, 3.0, 3.0, 3.3, 3.3, 3.7, 3.3, 3.3]",3.3342720000000003
BIOL115,"[3.3, 3.7, 3.3, 3.7, 3.7, 3.3, 3.7, 4.0, 3.7, 3.3]",3.5539539456
BIOL200,"[2.7, 2.7, 3.0, 3.0, 3.0, 3.0, 3.0, 3.7, 3.7, 2.7]",3.143761152
BIOL201,"[3.0, 3.0, 3.0, 3.0, 3.3, 3.3, 3.3, 3.3, 3.3]",3.276672
BIOL202,"[3.0, 3.0, 2.7, 3.0, 3.0, 3.0, 3.0, 3.0, 3.0, 3.0, 2.3, 2.7, 3.3, 2.7, 3.0]",2.90873078611968
BIOL205,"[3.3, 3.3, 3.0, 3.3, 3.3, 4.0, 3.3, 3.7]",3.5514687999999994
BIOL206,"[3.7, 3.7, 3.3, 4.0, 4.0, 3.7, 3.7, 4.0, 3.3]",3.6294182399999997
BIOL210,"[3.0, 3.0, 3.0, 3.7, 4.0, 4.0, 3.7]",3.72448
BIOL215,"[3.0, 2.7, 3.3, 3.0, 3.0, 3.3, 3.3, 3.3, 3.3]",3.263359488
BIOL216,"[3.7, 3.7]",3.7
BIOL219,"[3.0, 2.7, 3.3, 3.7, 3.3, 3.3]",3.303168
BIOL300,"[3.0, 3.0, 3.0, 2.7, 3.0, 3.3, 3.0, 2.7]",2.907648
BIOL301,"[3.7, 3.7, 3.3, 3.7, 3.7, 3.7, 3.7, 3.7, 3.7, 4.0, 4.0, 4.0, 3.7, 3.7, 3.7]",3.75045491482624
BIOL302,[3.7],3.7
BIOL303,"[3.0, 3.3, 3.3, 3.3, 3.0, 3.0, 3.3, 3.3]",3.22248192
BIOL304,"[3.0, 3.3, 3.3, 3.3, 3.7, 3.3]",3.3726719999999997
BIOL305,"[3.3, 3.0, 3.3]",3.2279999999999998
BIOL306,"[3.3, 3.3, 3.3, 3.3, 3.3, 4.0, 3.7, 3.3]",3.4968000000000004
BIOL307,"[3.3, 3.3, 3.7]",3.46
BIOL308,"[3.0, 3.0, 3.0, 3.3, 3.3, 3.0]",3.1152
BIOL309,"[3.7, 3.3, 3.7, 3.3, 3.7, 3.7, 3.7, 3.7, 3.3]",3.5230794240000005
BIOL310,"[3.3, 3.7, 3.7, 3.7, 3.3]",3.4881599999999997
BIOL311,[3.7],3.7
BIOL313,"[3.3, 3.3, 3.7, 3.7]",3.556
BIOL314,"[3.0, 3.0, 3.0, 3.3, 2.7, 2.7]",2.8512
BIOL320,"[3.7, 3.7, 3.7, 3.7, 3.3]",3.54
BIOL342,"[3.7, 3.7]",3.7
BIOL352,"[4.0, 4.0]",4.0
BIOL370,"[3.0, 3.3, 3.3, 3.3, 3.0]",3.14112
BIOL373,"[3.0, 3.0, 3.0, 3.0, 3.3]",3.12
BIOL395,"[3.7, 3.3, 3.7, 4.0, 3.7]",3.7374400000000003
BIOL427,[3.7],3.7
BIOL432,[3.3],3.3
BIOL436,"[3.7, 3.7]",3.7
BIOL465,"[3.7, 3.7, 3.7, 3.3, 3.7]",3.604
BIOL553,[3.7],3.7
BIOT505,"[4.0, 4.0, 4.0, 4.0, 4.0, 4.0, 4.0]",4.0
BREE103,"[2.3, 2.7, 2.3, 3.0, 3.0, 3.3, 3.3]",3.1137216
BREE205,"[3.7, 3.7, 3.7, 3.7, 3.7, 3.7, 4.0, 3.7]",3.7720000000000002
BREE210,"[3.7, 3.3, 3.0, 3.3, 3.3, 3.3, 3.3, 3.3]",3.30186624
BREE216,"[3.7, 3.3, 3.3, 3.3, 3.0, 3.3, 3.7, 3.3]",3.38127744
BREE217,"[3.7, 3.3, 3.3, 3.3]",3.3864
BREE252,"[3.0, 3.7, 3.7, 3.7, 4.0, 3.7, 3.3]",3.5505408000000003
BREE301,"[3.0, 2.7, 2.7, 2.7, 3.3, 3.0]",2.987328
BREE305,"[3.7, 3.7, 3.7, 4.0, 3.7, 4.0]",3.8632
BREE312,"[3.7, 3.3]",3.54
BREE314,"[3.3, 3.3]",3.3
BREE319,"[3.0, 3.0, 3.3, 3.0, 3.3]",3.1632
BREE322,"[3.3, 3.7, 3.3]",3.396
BREE327,"[3.7, 3.7, 3.3, 3.7, 3.3, 4.0, 3.3, 3.3]",3.4401984
BREE341,"[3.3, 3.3, 3.0, 3.0, 3.7, 3.3]",3.32688
BREE412,[3.7],3.7
BREE416,"[3.7, 3.7, 3.7]",3.7
BREE420,"[3.7, 3.7]",3.7
BREE423,"[3.7, 3.3]",3.54
BREE490,"[3.7, 3.3, 3.7]",3.604
BREE495,[3.7],3.7
BREE501,[3.7],3.7
BREE504,"[4.0, 4.0]",4.0
BREE510,[4.0],4.0
BREE520,"[3.7, 3.7, 3.3]",3.54
BREE522,[3.7],3.7
BREE529,[4.0],4.0
BREE530,[3.3],3.3
BUS1532,[3.0],3.0
BUS2365,"[3.0, 3.0, 3.0]",3.0
BUS2502,"[3.0, 3.0]",3.0
BUS2504,[2.7],2.7
BUS2505,[3.0],3.0
BUSA100,"[2.7, 2.7, 3.0, 3.0, 3.0, 3.0]",2.96112
BUSA250,"[3.0, 3.0, 3.3, 3.3, 3.3, 3.3, 3.3, 3.3, 3.0, 3.3, 3.0, 3.3, 3.3, 3.3, 3.3, 3.3, 3.3, 3.3]",3.2953468111827764
BUSA356,"[3.3, 3.3, 3.3, 3.3, 3.3, 3.3, 3.3]",3.3
BUSA364,"[3.0, 3.3, 3.3, 3.3, 3.3]",3.26112
BUSA391,"[3.0, 3.0, 3.0]",3.0
BUSA394,"[3.3, 3.3]",3.3
BUSA430,"[3.3, 3.3]",3.3
BUSA433,"[3.0, 3.7]",3.2800000000000002
BUSA434,"[3.3, 3.7]",3.46
BUSA465,"[3.3, 3.7, 3.3, 3.3, 3.3, 3.7]",3.4807360000000003
BUSA499,[3.7],3.7
CANS200,"[2.7, 3.0, 3.0, 3.3, 3.3, 3.3, 3.3, 3.3, 3.0]",3.1609643520000006
CANS303,[3.7],3.7
CANS306,[4.0],4.0
CANS310,"[3.3, 3.3, 3.7]",3.46
CANS315,"[3.7, 3.7]",3.7
CATH200,"[3.3, 3.7, 3.7, 3.7, 3.7, 4.0, 4.0]",3.8733375999999997
CCOM200,"[3.7, 3.3, 3.7, 3.7]",3.6424000000000003
CCOM205,[2.3],2.3
CCOM206,"[3.7, 3.3, 3.3, 3.7, 3.3, 3.3, 3.3, 3.3, 3.3, 3.7, 3.7, 3.7, 3.7, 3.7, 3.7, 3.7, 3.7, 3.7, 3.7, 3.7, 3.7, 3.7, 3.3, 3.7]",3.6038209347805656
CCOM314,"[4.0, 4.0, 4.0, 4.0, 4.0, 4.0, 3.7, 3.7, 4.0]",3.8848
CCOM315,"[3.7, 3.7, 3.7, 3.3, 3.7]",3.604
CEAP250,"[3.7, 3.3, 3.3, 3.7, 3.7, 3.7, 3.3, 3.3, 3.7, 3.7, 3.7, 3.7, 3.7, 3.7]",3.6871273035366405
CEGL413,"[3.7, 3.3]",3.54
CEGL423,"[3.3, 3.3]",3.3
CFRN215,[2.7],2.7
CFRN315,[2.7],2.7
CFRN333,[3.0],3.0
CFRN343,[3.0],3.0
CFRN423,[3.0],3.0
CHEE200,"[2.3, 2.3, 2.3, 2.3, 2.7, 2.7, 2.3, 3.0, 2.3, 2.0]",2.3139776
CHEE204,"[2.7, 2.7, 2.7, 2.7, 2.7, 3.3, 2.3, 2.7]",2.6904000000000003
CHEE220,"[2.3, 2.3, 2.7, 2.7, 2.7, 3.3, 2.7, 2.7]",2.7677376000000002
CHEE231,"[2.3, 2.3, 2.7, 2.7, 3.0, 3.3, 3.7, 3.7, 3.0]",3.26019456
CHEE291,"[3.3, 3.7, 3.7, 3.3, 3.3, 3.3, 3.7, 3.3, 3.0]",3.249543936
CHEE301,"[4.0, 4.0]",4.0
CHEE310,"[3.0, 3.0, 3.3, 3.3, 3.7, 3.3, 3.3]",3.3342720000000003
CHEE314,"[3.0, 2.7, 3.0, 3.3, 3.3, 3.7, 3.0, 2.3]",2.85667328
CHEE315,"[2.0, 2.7, 3.3, 3.0, 4.0, 2.3, 2.3]",2.6555647999999996
CHEE351,"[3.0, 3.0, 2.7, 3.3, 3.7, 3.3, 3.3]",3.303168
CHEE360,"[3.3, 3.3]",3.3
CHEE370,"[3.0, 3.3, 3.3, 3.7, 3.7, 4.0, 3.7, 3.3]",3.5436979200000005
CHEE380,"[3.3, 3.3, 3.3, 3.3, 3.3, 3.3, 3.3, 2.7]",3.0599999999999996
CHEE390,"[3.3, 3.7, 3.7, 3.7, 3.7, 3.7, 3.3, 3.3]",3.43280256
CHEE400,"[3.0, 3.3, 3.3, 3.3, 3.3]",3.26112
CHEE401,"[3.3, 4.0, 4.0, 4.0]",3.8488
CHEE423,"[3.3, 2.7, 3.0, 2.7, 3.3]",3.0609599999999997
CHEE440,"[3.3, 3.3, 3.3, 3.0]",3.1799999999999997
CHEE453,"[3.3, 3.3, 3.7, 3.7, 3.7]",3.6136
CHEE455,"[3.0, 3.0, 3.7, 3.3]",3.2880000000000003
CHEE456,"[3.7, 3.7, 4.0]",3.8200000000000003
CHEE456D2,[3.7],3.7
CHEE457,"[3.7, 3.7, 3.7]",3.7
CHEE474,"[3.3, 3.3, 3.7, 3.7, 4.0, 4.0, 4.0]",3.904096
CHEE484,"[2.7, 3.3, 3.7, 3.3, 3.3, 2.7, 2.7]",2.9087424
CHEE491,"[3.7, 4.0, 4.0, 3.7]",3.8152
CHEE511,[3.3],3.3
CHEE541,"[3.3, 4.0, 4.0, 3.3]",3.5688000000000004
CHEE543,[3.7],3.7
CHEE563,[3.7],3.7
CHEE591,"[3.0, 3.3, 2.7, 3.3, 3.0]",3.0547199999999997
CHEE593,[3.7],3.7
CHEM110,"[3.3, 3.3, 3.3, 3.3, 3.3, 3.3, 3.7, 3.3, 4.0, 3.7, 3.3]",3.5175359999999998
CHEM120,"[3.0, 3.3, 3.3, 3.3, 3.3, 3.3, 3.3, 3.7, 3.3, 3.3]",3.3545766912
CHEM122,"[3.7, 3.7, 3.7]",3.7
CHEM181,"[3.3, 3.3, 3.3, 3.3, 3.3, 3.3, 4.0, 4.0, 3.7, 3.7, 3.7, 3.7]",3.7062208000000005
CHEM183,"[3.3, 3.3, 3.3, 3.3, 3.3, 3.3, 3.3, 3.7, 3.7, 3.7]",3.6136
CHEM203,"[3.7, 3.3, 3.3, 3.7, 3.3, 3.7, 3.7, 3.3, 3.3]",3.411320064
CHEM204,"[2.3, 3.7, 3.0, 3.7, 3.7, 3.7, 2.3, 2.7, 3.3, 2.7, 3.0, 3.3, 3.7, 3.3, 3.7, 3.0]",3.2833638918291457
CHEM211,[3.7],3.7
CHEM212,"[3.3, 3.0, 3.3, 3.0, 3.0, 3.3, 3.3, 3.3, 3.3, 3.3, 3.3, 3.7, 3.0, 3.0, 3.7, 3.3, 3.0, 3.3, 3.7, 3.3, 3.3, 3.3, 3.0, 3.3, 3.3, 3.3]",3.277632787723358
CHEM213,"[2.3, 2.7, 3.3, 2.7, 3.0]",2.85456
CHEM214,"[2.7, 3.3, 3.3, 3.7, 3.0, 3.3]",3.238944
CHEM219,[3.0],3.0
CHEM222,"[3.0, 3.0, 3.3, 3.0, 3.0, 3.3, 3.3, 3.0, 3.0, 3.0, 3.0, 3.0, 3.0, 3.3, 3.3, 3.3, 3.3, 3.3, 3.3, 3.3, 3.3]",3.2951237983898647
CHEM223,"[2.7, 2.3, 2.7]",2.604
CHEM224,[4.0],4.0
CHEM232,[3.7],3.7
CHEM233,"[3.0, 3.3, 3.3, 2.7, 2.3, 2.7, 3.0, 3.3]",3.01569792
CHEM234,"[2.3, 2.7, 3.0, 2.7, 2.3, 2.7, 3.7, 4.0, 3.7, 3.0, 3.0]",3.1922919321600003
CHEM243,"[2.3, 3.0]",2.58
CHEM244,"[4.0, 4.0, 4.0, 3.7]",3.88
CHEM267,"[2.7, 3.3, 3.7, 3.7, 3.7, 3.7, 3.3]",3.4809023999999997
CHEM273,"[3.7, 3.0, 3.0]",3.2520000000000002
CHEM281,"[3.3, 3.3, 3.0, 2.7, 3.7, 2.7, 3.0]",3.0262080000000005
CHEM283,"[3.7, 3.7]",3.7
CHEM287,"[3.3, 3.3]",3.3
CHEM297,"[3.0, 3.0]",3.0
CHEM302,"[2.7, 2.7, 2.7, 2.7, 3.0, 2.7, 3.3, 3.0, 2.7]",2.873952
CHEM332,[3.3],3.3
CHEM334,[4.0],4.0
CHEM345,"[2.7, 2.7, 2.7, 3.0, 3.0]",2.8920000000000003
CHEM355,[3.0],3.0
CHEM362,"[3.7, 3.7, 4.0, 3.7, 3.7, 3.7, 3.3, 3.7, 3.7]",3.6479987200000004
CHEM365,[2.7],2.7
CHEM367,"[3.7, 3.7, 3.7, 3.7, 3.7]",3.7
CHEM377,[3.7],3.7
CHEM381,"[3.3, 3.3, 3.3, 3.7, 3.7, 3.7, 3.7]",3.64816
CHEM392D2,[3.7],3.7
CHEM502,[3.3],3.3
CHEM503,[3.3],3.3
CIVE202,"[3.7, 2.7, 3.0, 3.3, 3.7, 3.7, 3.7]",3.5980480000000004
CIVE205,"[3.0, 2.3, 3.3, 2.7, 3.0, 2.3, 3.0, 2.7, 3.0, 3.3, 3.3, 3.0, 3.0, 3.0, 3.3]",3.1381623711006723
CIVE206,"[2.3, 3.0, 2.7, 3.0, 2.7, 3.3, 3.0]",2.9805888000000005
CIVE207,"[3.0, 3.0, 3.0, 3.0, 3.0, 3.0, 3.0, 3.3, 3.0, 2.7, 3.0, 3.7, 3.3, 3.0, 3.3, 3.3, 2.7]",3.03037489152
CIVE208,"[3.7, 3.3, 3.7, 3.7, 3.7, 2.7, 3.3]",3.2875584
CIVE210,"[3.7, 3.3, 3.3, 3.7, 4.0, 3.7, 4.0]",3.8300224
CIVE225,"[3.0, 3.0, 3.3, 3.0, 2.7]",2.9232
CIVE281,"[2.7, 2.7, 2.7, 2.7, 3.0, 2.7, 3.7, 3.3, 3.3]",3.243552
CIVE284,"[3.3, 3.3]",3.3
CIVE290,"[2.7, 2.7, 3.3, 3.3, 3.0, 3.7, 2.7]",3.0661440000000004
CIVE302,"[3.3, 3.3, 3.3, 3.7, 3.3, 3.0]",3.2376
CIVE311,"[2.7, 2.7, 2.7, 3.3, 3.0, 2.7, 2.7]",2.79504
CIVE317,"[3.7, 3.0, 3.3, 2.7, 3.7, 3.3, 3.3]",3.3150912000000003
CIVE318,"[3.3, 3.3, 3.0, 3.3, 3.3, 3.0]",3.1540800000000004
CIVE319,"[3.3, 3.3, 3.7, 3.3, 3.3]",3.3575999999999997
CIVE320,"[3.3, 3.7, 3.7, 3.3, 3.3, 3.0]",3.235296
CIVE323,"[3.7, 3.0, 3.0, 3.0, 3.0]",3.09072
CIVE324,"[3.7, 3.7, 4.0]",3.8200000000000003
CIVE327,"[3.0, 2.7, 3.7, 3.3]",3.2448
CIVE416,"[3.7, 4.0, 3.3]",3.612
CIVE418,"[4.0, 4.0, 4.0]",4.0
CIVE432,"[4.0, 4.0, 4.0]",4.0
CIVE433,[3.3],3.3
CIVE446,"[3.7, 4.0]",3.8200000000000003
CIVE460,[3.3],3.3
CIVE462,"[3.7, 3.3, 3.3, 3.7]",3.5464
CIVE463,[4.0],4.0
CIVE512,[3.3],3.3
CIVE527,"[3.7, 3.7]",3.7
CIVE542,[3.3],3.3
CIVE555,"[3.7, 3.0]",3.4200000000000004
CLAS200,"[3.7, 3.3]",3.54
CLAS201,"[3.3, 3.3, 3.7, 3.7]",3.556
CLAS203,"[3.7, 3.7, 3.3, 3.7, 3.7, 3.7, 3.3, 3.3, 3.3, 3.3, 3.7, 3.3, 3.3]",3.3678299811840002
CLAS206,"[3.7, 3.7]",3.7
CLAS208,[3.3],3.3
CLAS210,"[3.7, 3.7, 3.3, 3.7, 3.7, 3.3]",3.50544
CLAS212,"[3.3, 3.3, 3.3, 3.7, 3.7, 3.3]",3.4536
CLAS215,[3.7],3.7
CLAS220,"[3.0, 3.3, 3.7, 3.0]",3.2112000000000003
CLAS240,"[3.3, 3.3, 3.3, 3.3]",3.3
CLAS301,"[3.7, 3.3]",3.54
CLAS302,"[3.3, 3.3]",3.3
CLAS304,"[3.7, 3.7]",3.7
CLAS305,[3.3],3.3
CLAS307,[3.3],3.3
CLAS310,"[3.3, 3.7, 3.7, 3.7]",3.6136
CLAS348,"[4.0, 3.3]",3.7199999999999998
CLAS370,[3.3],3.3
CLAS380,[3.3],3.3
CLAS400,[3.7],3.7
CMPL500,[3.3],3.3
CMPL516,[3.0],3.0
CMPL543,"[3.0, 3.0]",3.0
CMPL571,[3.0],3.0
CMPL580,[3.0],3.0
CMRK200,[3.0],3.0
COGS444D2,"[4.0, 4.0]",4.0
COMP102,"[3.3, 3.3, 3.7]",3.46
COMP189,"[3.7, 3.7, 3.7, 3.7, 3.7, 3.7]",3.7
COMP202,"[3.3, 3.7, 3.3, 3.3, 3.3, 3.3, 3.3, 3.3, 3.3, 3.3, 3.3, 3.3, 3.3, 3.3, 3.3, 3.0, 3.0, 3.0, 3.0, 3.3, 3.3, 3.7, 3.0, 3.7, 3.0, 2.7, 3.3, 3.0, 3.3]",3.1703511269707474
COMP204,"[3.0, 3.3, 3.3, 3.7, 3.7, 3.7, 3.3, 3.7, 3.3, 3.7]",3.5552192512000005
COMP206,"[3.0, 3.3, 2.7, 2.7, 3.0, 3.0, 3.3, 2.7, 3.3, 3.3, 3.3, 3.3, 3.0, 3.7, 3.7, 3.0, 3.3, 3.0, 3.7]",3.3883263827194154
COMP208,"[3.0, 3.0, 3.3, 3.3, 3.0, 3.3, 3.0, 3.0, 3.3, 3.3, 3.3, 3.3, 3.7, 3.7, 3.7, 3.7, 3.7, 3.7, 3.7]",3.6879611726772303
COMP230,"[3.0, 3.0, 3.0, 3.0, 3.0, 3.3, 3.3, 3.3]",3.2352
COMP250,"[3.0, 3.3, 3.3, 3.0, 2.7, 3.0, 3.0, 3.0, 3.0, 3.0, 3.0, 3.0, 3.0, 3.0, 3.7, 3.3, 3.0, 3.3, 3.0, 3.0]",3.080500876987985
COMP251,"[3.3, 3.0, 3.0, 3.0, 3.0, 3.3, 2.7, 2.7, 3.0, 3.3, 2.7, 3.7, 3.3, 2.7, 3.3, 3.3, 3.3]",3.2429503841324236
COMP252,"[3.0, 3.3, 3.3, 3.3, 3.3, 3.3, 3.7, 3.3, 3.3]",3.352561152
COMP273,"[3.0, 3.0, 3.0, 3.0, 3.0, 3.3, 3.3, 3.3, 2.7, 3.3, 3.0, 3.3, 3.7, 3.3, 3.3, 3.0, 3.3, 3.3]",3.2630719001395203
COMP302,"[3.3, 2.7, 3.0, 2.7, 3.7, 2.7, 3.3, 3.0, 2.7, 3.0, 3.3, 3.0, 3.7, 3.3, 3.3, 3.0, 3.0, 3.7]",3.3458574401618577
COMP303,"[2.3, 3.0, 2.3, 3.3, 2.7, 2.7, 2.7, 3.0, 3.0, 2.3, 3.0, 3.3, 2.3, 3.7, 2.3, 3.0]",2.872004430859469
COMP307,"[3.3, 3.3, 3.7, 3.3, 3.7, 3.7]",3.59056
COMP308,"[3.3, 3.7]",3.46
COMP310,"[3.0, 2.7, 3.0, 3.0, 3.0, 3.0, 3.0, 3.0, 3.0, 2.7, 3.0, 3.7, 3.7, 2.7, 3.0, 3.0]",3.0478752430030847
COMP321,"[3.7, 3.3, 3.3, 3.7, 3.7, 3.7, 3.7, 3.7, 3.7, 3.7]",3.6928336384000007
COMP322,"[3.7, 3.0, 3.3, 3.7, 3.7, 3.7, 4.0, 3.7, 3.7]",3.727896832
COMP330,"[3.3, 2.7, 2.7, 3.3, 3.0, 3.3, 3.7, 3.3, 3.0, 3.3]",3.2424792576000003
COMP345,[3.7],3.7
COMP350,"[3.0, 2.7, 3.0, 3.0, 3.3, 3.7, 2.7, 2.7]",2.92912128
COMP360,"[3.0, 3.3, 3.3, 3.0, 2.3, 2.3, 3.0, 4.0, 3.7, 3.0, 3.0, 3.0, 2.3]",2.7760118177792004
COMP361D2,"[3.3, 3.3, 3.3, 3.0, 3.0, 3.0]",3.0648
COMP362,"[3.3, 3.7, 3.7, 3.7]",3.6136
COMP364,"[3.7, 3.0]",3.4200000000000004
COMP400,"[4.0, 3.7]",3.88
COMP409,"[3.0, 3.0]",3.0
COMP417,"[3.7, 3.3, 3.7, 3.7, 3.7, 3.0]",3.399264
COMP421,"[3.0, 3.3, 3.3, 3.0, 3.7, 3.3, 3.3]",3.3176832000000003
COMP424,"[3.3, 3.0, 3.0, 3.3, 3.0, 3.7, 3.3, 3.3]",3.31675008
COMP445,"[3.7, 3.7]",3.7
COMP451,[3.7],3.7
COMP462,"[3.0, 3.0, 3.0, 3.0]",3.0
COMP499,[4.0],4.0
COMP512,"[3.3, 3.7, 3.7, 3.3]",3.4536
COMP520,"[3.7, 3.0, 3.3, 3.7, 2.7]",3.18192
COMP521,"[3.0, 3.0, 2.7, 3.3, 2.7]",2.9088000000000003
COMP523,[3.3],3.3
COMP525,"[3.7, 3.7]",3.7
COMP527,"[3.0, 3.0]",3.0
COMP529,"[3.3, 3.3]",3.3
COMP533,"[3.3, 3.7, 4.0]",3.676
COMP535,"[3.3, 3.3, 3.7]",3.46
COMP546,"[3.0, 2.7, 3.3]",3.048
COMP547,"[2.7, 3.7, 3.0]",3.0600000000000005
COMP549,[3.7],3.7
COMP550,"[3.3, 3.7, 3.3, 3.7, 3.7]",3.59056
COMP551,"[3.7, 3.3, 3.7, 3.3, 3.7, 3.3, 3.7, 4.0, 3.7, 3.7, 3.3, 3.7]",3.608432195584
COMP553,[3.3],3.3
COMP557,"[3.0, 3.3, 3.3, 3.3, 3.3, 3.7, 3.0]",3.2620032
COMP558,"[3.3, 3.3]",3.3
COMP561,"[3.7, 3.7, 3.3, 3.3, 3.7, 3.3, 3.7]",3.548704
COMP564,[3.3],3.3
COMP579,"[3.7, 4.0]",3.8200000000000003
COMP596,"[4.0, 3.7, 4.0]",3.928
COMP598,"[3.7, 3.7, 3.7, 4.0, 4.0, 4.0, 4.0, 3.7]",3.8566720000000005
COMP599,"[3.7, 4.0, 4.0]",3.8920000000000003
COMP652,[3.7],3.7
COMS200,"[3.3, 3.3, 3.0, 3.3, 3.7, 3.3, 3.7, 3.3]",3.4212287999999997
COMS210,"[3.3, 3.3, 3.3, 4.0, 3.7, 3.7, 3.3, 3.3]",3.4284479999999995
COMS230,"[3.3, 3.3, 3.3, 3.3, 4.0, 3.7]",3.628
COMS300,"[3.3, 3.7, 3.7]",3.556
COMS301,"[3.7, 3.7, 3.7, 3.7]",3.7
COMS310,"[3.3, 3.3, 3.3, 3.3, 3.7, 3.7]",3.556
COMS320,[3.7],3.7
COMS330,[3.7],3.7
COMS350,"[3.3, 3.3, 3.7]",3.46
COMS354,[4.0],4.0
COMS355,"[4.0, 4.0]",4.0
COMS361,"[3.7, 3.7, 4.0, 3.7]",3.7720000000000002
COMS362,"[3.7, 3.7]",3.7
EAST211,"[3.7, 3.0, 3.0, 3.3, 3.3, 2.7, 3.7, 3.7]",3.4658675200000006
EAST212,"[3.3, 3.3, 3.3, 3.3, 3.0, 3.7, 3.7]",3.5128000000000004
EAST213,"[3.7, 3.3, 2.7, 3.3, 3.7, 3.7, 3.7]",3.6011584
EAST215,"[3.7, 3.3]",3.54
EAST220D2,"[3.3, 3.7, 3.3, 3.3]",3.3575999999999997
EAST230D2,"[3.3, 3.3, 3.7, 3.3, 3.3]",3.3575999999999997
EAST240,"[3.7, 3.3]",3.54
EAST240D2,"[3.7, 3.0, 3.7, 3.3, 3.7]",3.54352
EAST250,"[3.0, 3.0, 3.7]",3.2800000000000002
EAST279,[3.3],3.3
EAST303,"[3.0, 3.0, 3.3]",3.12
EAST305,[3.7],3.7
EAST330D2,"[3.7, 3.7, 3.3]",3.54
EAST340D2,"[3.7, 3.7]",3.7
EAST350,"[4.0, 3.7]",3.88
EAST361,[3.3],3.3
EAST362,"[3.3, 3.3]",3.3
EAST364,[4.0],4.0
EAST369,[4.0],4.0
EAST375,[3.7],3.7
EAST388,[3.3],3.3
ECON205,"[3.7, 3.7, 3.7, 3.3, 3.0, 3.3, 3.3]",3.30864
ECON208,"[2.7, 2.7, 3.0, 3.0, 2.7, 2.7, 2.7, 2.7, 2.7, 3.3, 2.7, 2.7, 2.3, 2.7, 2.7, 3.0, 2.7, 3.7, 3.3, 3.0, 3.3, 2.7, 2.3, 3.3, 3.0, 3.0]",2.9821249047822365
ECON209,"[2.7, 3.0, 2.7, 2.7, 2.7, 2.7, 3.0, 2.7, 2.7, 2.7, 2.7, 2.3, 2.7, 2.7, 2.7, 3.7, 3.3, 3.7, 3.7, 2.7, 3.3, 3.0, 2.7, 2.7]",2.8579169342780197
ECON219,"[4.0, 3.0, 3.0, 3.3, 3.3, 3.0, 4.0, 4.0]",3.7094656
ECON223,"[4.0, 3.0, 3.3, 3.0, 3.0, 3.7, 4.0, 3.7]",3.6581248000000004
ECON225,"[3.0, 3.3, 3.0, 3.3, 3.3, 3.0, 3.7, 3.0, 3.3, 2.7]",3.0294254592000005
ECON227D2,"[3.3, 3.3, 3.3, 3.3, 3.3, 3.3, 3.0, 3.0]",3.1079999999999997
ECON230D2,"[3.3, 2.7, 2.7, 2.7, 2.7, 3.0, 3.0, 3.3]",3.07199616
ECON250D2,"[3.3, 3.3, 3.3, 3.3, 3.3, 3.3, 3.7, 3.3, 3.7]",3.5176
ECON257D2,"[3.0, 3.0, 3.3, 3.3, 3.0, 3.0, 3.3, 3.3, 3.3]",3.25012992
ECON295,"[2.7, 3.3, 3.0, 3.0, 3.0, 3.3, 3.0, 3.7, 3.7, 3.3, 3.3, 3.0]",3.2172039229440004
ECON302,"[3.3, 3.0, 3.3, 3.7, 4.0, 3.7, 3.3]",3.5220288
ECON304,"[3.3, 3.0, 3.0, 3.7, 3.0, 3.7]",3.404128
ECON305,"[2.7, 3.0, 2.7]",2.7720000000000002
ECON306,"[3.3, 3.3, 3.3, 3.3]",3.3
ECON308,"[2.7, 3.0, 3.0]",2.8920000000000003
ECON310,"[3.0, 3.3, 3.3]",3.192
ECON313,"[3.3, 3.3, 2.7, 3.0, 3.0, 3.3, 3.3, 3.0, 3.3, 3.3, 3.3, 2.7, 3.0, 3.0, 3.3, 3.3, 3.0, 3.3, 3.3, 3.0, 3.0, 3.3]",3.1706515882391906
ECON314,"[3.0, 3.0, 3.3, 3.0, 3.0, 3.0, 3.0, 3.7, 3.3, 3.3, 2.7, 3.0]",3.03461732352
ECON316,"[3.0, 3.3, 3.3, 3.0, 3.3, 3.3, 3.7]",3.4200832
ECON319,"[3.3, 3.3, 3.3, 3.3, 3.7, 3.0]",3.2760000000000002
ECON326,"[3.0, 3.3, 3.3, 3.7, 3.3, 3.3]",3.3342720000000003
ECON330D2,"[3.0, 3.0, 2.7, 3.0, 3.3, 3.0, 2.7]",2.907648
ECON334,"[3.3, 3.0, 3.3, 3.3, 3.3]",3.27408
ECON335,[3.0],3.0
ECON336,"[3.0, 3.0]",3.0
ECON337,"[3.7, 3.0, 3.7, 3.0, 3.3, 3.3, 3.3]",3.3041472
ECON338,"[4.0, 3.7, 2.7]",3.408
ECON347,"[3.0, 3.3, 3.3, 3.7]",3.3952
ECON348,"[3.3, 3.3, 2.3, 3.0]",2.9399999999999995
ECON352D2,"[3.7, 3.3, 3.3, 3.3, 3.0, 3.3, 3.3, 3.3]",3.2852774399999998
ECON406,"[3.0, 3.3]",3.12
ECON408,"[3.3, 4.0, 4.0, 3.7]",3.7288000000000006
ECON409,[3.0],3.0
ECON416,[3.3],3.3
ECON420,[3.0],3.0
ECON423,"[3.0, 2.7, 3.3, 3.0, 3.0]",3.0172800000000004
ECON424,"[3.0, 3.0, 3.0]",3.0
ECON426,"[3.3, 3.3]",3.3
ECON434,[3.3],3.3
ECON440,"[2.7, 3.3]",2.9400000000000004
ECON447,"[3.7, 3.3]",3.54
ECON450,"[3.7, 3.7, 3.3, 3.3]",3.444
ECON452,"[3.3, 3.3, 3.3, 3.3, 3.3]",3.3
ECON454,[3.3],3.3
ECON460,"[3.7, 3.7, 3.7]",3.7
ECON461,[3.3],3.3
ECON468,"[3.0, 2.7, 2.7, 3.7, 3.0]",3.0988800000000003
ECON469,[3.3],3.3
ECON473,[2.7],2.7
ECON546,"[3.0, 3.3, 3.3, 3.7, 3.7, 3.0, 3.0]",3.1861632
ECSE200,"[2.7, 2.3, 2.7, 2.7, 2.7, 3.0, 3.0, 3.3, 3.3, 3.3, 3.3, 2.7, 3.7, 3.7, 3.7, 3.7, 3.3, 3.3]",3.412614810253001
ECSE202,"[2.7, 3.7, 3.0, 2.7, 3.3, 3.3, 2.7, 3.3, 3.0, 3.0, 3.3]",3.1429464576
ECSE205,"[3.3, 2.7, 2.7, 2.7, 3.0, 3.0, 3.3, 3.3, 3.3, 3.3, 3.0, 3.3, 3.3, 3.0]",3.14801080836096
ECSE206,"[2.7, 2.7, 3.3, 3.3, 3.0, 2.7, 3.3, 3.7, 3.3, 3.7, 3.3, 3.7]",3.5201513574399996
ECSE209,[3.3],3.3
ECSE210,"[2.3, 3.0, 2.0, 2.3, 3.0, 2.7, 2.7, 2.3, 2.7, 2.7, 3.0, 3.3, 3.7, 4.0, 4.0, 3.0, 2.7, 3.0, 3.0]",3.0524826322410408
ECSE211,"[3.3, 3.7, 3.3, 3.7, 3.7, 3.3, 3.0, 3.7, 3.7, 3.7, 3.3, 3.0, 3.0, 3.3, 3.7, 2.7]",3.1290041412059137
ECSE221,"[2.7, 2.7, 2.7, 3.0, 2.7, 2.7]",2.7432
ECSE222,"[3.7, 4.0, 3.0, 3.7, 3.7, 3.3, 4.0, 3.7, 3.0, 3.3, 3.0, 3.0]",3.133690079232
ECSE223,"[3.3, 3.3, 3.3, 3.3, 3.7, 4.0, 3.7, 3.7, 3.7, 3.3]",3.5368896000000003
ECSE250,[3.3],3.3
ECSE251,"[3.3, 2.7, 3.3, 2.3, 3.0, 2.7, 3.7, 3.0, 2.0, 3.3]",2.9162313216000006
ECSE291,"[3.7, 3.3, 3.7, 3.7, 3.3]",3.50544
ECSE303,"[3.0, 3.0, 2.7]",2.88
ECSE304,"[3.3, 3.3]",3.3
ECSE305,"[2.7, 3.0, 3.0, 3.3, 2.7, 3.3]",3.0678720000000004
ECSE306,"[3.3, 3.0, 2.7, 2.7]",2.8728
ECSE307,"[3.7, 3.7, 3.3, 3.3, 3.3, 4.0, 3.7, 3.7, 3.3, 3.0]",3.3151664640000003
ECSE308,"[3.7, 3.0, 3.7, 3.3, 3.7, 3.3, 3.7, 3.0, 3.7]",3.4771601920000004
ECSE309,[2.7],2.7
ECSE310,"[3.3, 3.7, 4.0, 4.0, 3.7, 4.0, 3.7, 3.3]",3.59688576
ECSE316,"[3.0, 3.7, 3.3, 3.3]",3.2928
ECSE321,"[3.3, 3.0, 3.3, 3.7, 3.7, 3.0, 3.3, 3.3, 3.3, 3.7, 3.7, 3.7, 3.7, 3.7, 3.7, 3.7]",3.6889116893544447
ECSE322,"[3.0, 3.0, 2.7, 3.0, 3.0, 3.3]",3.09408
ECSE323,"[3.3, 3.3, 2.7]",3.0599999999999996
ECSE324,"[2.7, 3.3, 3.0, 2.7, 3.7, 3.7, 3.7, 3.3, 3.3, 3.3, 3.0]",3.20828058624
ECSE325,"[3.3, 3.3, 4.0, 4.0, 3.7]",3.7288000000000006
ECSE326,"[3.7, 3.7, 4.0, 3.7, 3.3]",3.5831999999999997
ECSE330,"[3.0, 2.7, 3.3, 2.7]",2.9088000000000003
ECSE331,"[3.0, 3.3, 3.0, 3.0, 2.7, 3.7, 3.7, 2.7, 2.7, 2.3, 2.7]",2.69655140352
ECSE334,"[3.3, 2.7, 3.0, 2.7, 3.0]",2.94096
ECSE335,"[3.3, 3.3]",3.3
ECSE343,"[4.0, 3.7, 3.3, 3.3]",3.5088
ECSE351,"[3.3, 3.3, 2.3, 3.0]",2.9399999999999995
ECSE352,"[3.7, 3.3]",3.54
ECSE353,"[2.7, 3.0, 3.3, 3.3, 3.7, 3.3, 3.3]",3.3202752
ECSE354,"[3.0, 3.7, 3.3, 3.3, 4.0, 3.7, 3.3]",3.4952448
ECSE361,"[2.7, 3.0, 3.0, 2.7, 3.0]",2.88912
ECSE362,"[3.3, 3.3, 3.3, 3.3, 3.7, 3.0, 3.0, 2.7]",2.9793600000000002
ECSE403,[3.3],3.3
ECSE404,"[4.0, 3.7]",3.88
ECSE405,[3.7],3.7
ECSE412,[3.0],3.0
ECSE414,"[3.3, 3.3]",3.3
ECSE415,"[3.0, 3.3, 3.3, 4.0, 3.7, 3.7]",3.6334720000000003
ECSE416,[3.7],3.7
ECSE420,"[3.7, 4.0, 4.0, 4.0, 3.7, 4.0, 4.0, 4.0, 3.7, 4.0]",3.9156454912000003
ECSE421,"[3.3, 3.0, 3.7]",3.388
ECSE424,"[3.3, 4.0]",3.58
ECSE425,"[2.7, 3.0, 3.7, 3.0, 2.7]",2.94192
ECSE426,[3.7],3.7
ECSE427,"[3.0, 3.3, 3.0, 3.0, 3.3, 3.0, 3.0, 3.7, 3.7, 3.0, 3.3, 2.7, 3.3]",3.1517116956672
ECSE428,"[4.0, 3.7, 4.0, 4.0, 4.0, 4.0, 4.0, 4.0, 4.0]",3.996640768
ECSE429,"[3.3, 3.7, 3.7, 3.7, 4.0, 3.7, 3.3, 3.3, 3.3, 3.7]",3.5171401216
ECSE433,[3.7],3.7
ECSE434,"[3.7, 3.7, 3.7]",3.7
ECSE437,"[3.0, 4.0]",3.4
ECSE439,[3.3],3.3
ECSE443,"[3.7, 4.0, 3.3]",3.612
ECSE444,"[3.7, 3.7, 3.7, 3.7, 4.0, 3.7, 3.7]",3.7432
ECSE446,"[3.3, 3.3]",3.3
ECSE456,"[4.0, 4.0, 4.0, 4.0]",4.0
ECSE457,"[4.0, 4.0, 4.0]",4.0
ECSE458D2,"[4.0, 4.0]",4.0
ECSE461,"[3.0, 3.7, 3.7, 3.0, 3.0, 3.3, 3.3, 3.0, 3.0, 3.7]",3.3340131328
ECSE486,[3.3],3.3
ECSE489,"[3.7, 3.7]",3.7
ECSE493,[3.7],3.7
ECSE500,"[4.0, 4.0]",4.0
ECSE512,[3.3],3.3
ECSE543,"[4.0, 4.0, 4.0]",4.0
ECSE551,[3.7],3.7
ECSE552,[4.0],4.0
EDEA241,[4.0],4.0
EDEC201,"[3.7, 4.0, 4.0, 3.7, 4.0, 4.0, 4.0, 4.0]",3.97604992
EDEC202,[3.7],3.7
EDEC203,"[3.7, 3.7, 3.7, 4.0, 4.0, 3.7, 4.0, 4.0]",3.933472
EDEC233,"[3.7, 4.0, 4.0, 3.7]",3.8152
EDEC247,"[3.3, 3.7, 3.7, 3.3, 3.7, 4.0, 3.7]",3.7187776
EDEC248,"[4.0, 3.7, 4.0, 3.7, 4.0, 4.0, 4.0, 4.0]",3.97884928
EDEC249,"[3.7, 3.7, 3.7, 3.7, 4.0]",3.8200000000000003
EDEC253,"[4.0, 3.7, 4.0]",3.928
EDEC254,"[3.7, 4.0]",3.8200000000000003
EDEC260,"[3.3, 3.7, 3.7, 3.7, 4.0, 3.7, 4.0, 4.0, 3.7, 4.0, 4.0, 3.7, 4.0]",3.9051947462656003
EDEC261,[3.3],3.3
EDEC262,"[3.7, 3.7, 3.7, 3.7, 3.7, 4.0, 3.7, 4.0, 4.0, 3.7, 4.0, 4.0]",3.93907072
EDEC351,[4.0],4.0
EDEC404,[4.0],4.0
EDEE223,"[3.7, 3.7, 4.0]",3.8200000000000003
EDEE230,"[4.0, 3.7, 4.0, 4.0]",3.9568
EDEE250,[3.7],3.7
EDEE253,"[3.7, 3.7]",3.7
EDEE260,[4.0],4.0
EDEE270,"[3.7, 4.0, 4.0, 3.7]",3.8152
EDEE273,"[4.0, 4.0]",4.0
EDEE275,[4.0],4.0
EDEE280,"[3.7, 3.3, 3.7, 4.0, 4.0]",3.85744
EDEE282,[3.3],3.3
EDEE283,"[4.0, 4.0]",4.0
EDEE325,"[4.0, 4.0, 4.0]",4.0
EDEE332,[4.0],4.0
EDEE353,"[4.0, 4.0]",4.0
EDEE355,"[3.7, 4.0]",3.8200000000000003
EDEM220,"[3.7, 3.7, 4.0, 3.3, 3.7]",3.6471999999999998
EDER252,[3.3],3.3
EDER319,[3.3],3.3
EDER395,[3.7],3.7
EDES350,"[3.7, 4.0]",3.8200000000000003
EDES366,"[3.7, 3.7, 4.0]",3.8200000000000003
EDKP100,[3.7],3.7
EDKP204,[3.7],3.7
EDKP206,"[3.0, 3.3, 3.3, 3.3, 3.7, 3.7, 3.7]",3.5996032
EDKP208,[3.0],3.0
EDKP214,[3.7],3.7
EDKP217,[4.0],4.0
EDKP218,[3.3],3.3
EDKP223,[4.0],4.0
EDKP225,[4.0],4.0
EDKP232,[3.7],3.7
EDKP233,[3.7],3.7
EDKP250,"[3.7, 4.0, 3.7, 4.0, 3.7, 4.0]",3.8787520000000004
EDKP253,[4.0],4.0
EDKP261,"[3.7, 3.7, 3.3, 3.7, 3.7, 3.3, 3.0]",3.303264
EDKP292,"[3.3, 3.7, 3.3, 3.7, 3.7, 3.7, 3.7]",3.6606016000000006
EDKP293,[3.3],3.3
EDKP307,[3.7],3.7
EDKP330,"[3.7, 3.3, 3.3, 3.3, 3.7, 3.3, 3.7]",3.5362624
EDKP342,[3.7],3.7
EDKP350,"[4.0, 4.0, 4.0, 4.0]",4.0
EDKP391,[3.0],3.0
EDKP395,"[3.7, 3.7, 3.7]",3.7
EDKP396,"[3.7, 3.7]",3.7
EDKP405,[3.7],3.7
EDKP442,[4.0],4.0
EDKP443,"[3.7, 3.7, 3.7]",3.7
EDKP447,"[3.7, 3.7, 3.7]",3.7
EDKP448,"[3.3, 3.7, 3.7, 3.7]",3.6136
EDKP449,[3.7],3.7
EDKP450,[4.0],4.0
EDKP485,"[3.7, 3.7]",3.7
EDKP495,"[4.0, 3.7]",3.88
EDKP498,"[3.3, 3.7, 3.3, 3.7]",3.5176
EDPE208,[3.7],3.7
EDPE300,"[4.0, 3.7, 3.7, 3.7, 4.0, 3.7, 3.7, 3.7, 3.7, 4.0, 3.7, 4.0, 3.7]",3.8005885739008
EDPE304,"[4.0, 4.0, 3.7, 3.7, 4.0, 4.0, 3.7]",3.838528
EDPE335,"[3.7, 4.0]",3.8200000000000003
EDPE375,"[3.7, 3.7, 3.7]",3.7
EDPI309,"[4.0, 4.0, 4.0, 4.0]",4.0
EDPI341,"[4.0, 4.0, 4.0, 4.0, 4.0]",4.0
EDPT200,"[4.0, 4.0, 4.0, 4.0, 4.0, 4.0]",4.0
EDPT204,"[3.7, 4.0, 4.0, 4.0]",3.9352
EDSL210,"[3.7, 3.7, 4.0, 4.0]",3.8920000000000003
EDSL215,[4.0],4.0
EDSL254,[4.0],4.0
EDSL300,"[4.0, 4.0, 4.0, 4.0, 4.0]",4.0
EDSL301,[4.0],4.0
EDSL304,"[3.7, 4.0]",3.8200000000000003
EDSL305,"[4.0, 4.0]",4.0
EDSL311,"[3.7, 4.0]",3.8200000000000003
EDSL315,[4.0],4.0
EDSL330,"[3.7, 4.0, 4.0]",3.8920000000000003
EDSL332,[4.0],4.0
EDSL334,"[3.3, 3.7, 4.0]",3.676
EDSL345,[3.3],3.3
EDSL350,"[3.3, 4.0, 4.0, 4.0]",3.8488
EDSL412,[3.7],3.7
EDSL415,[4.0],4.0
EDSL447,"[4.0, 4.0]",4.0
EDSL458,[4.0],4.0
EDTL520,[4.0],4.0
ENGL200,[3.3],3.3
ENGL202,"[2.7, 2.7, 3.0, 2.7, 2.7, 2.7, 2.7, 2.7, 3.3]",2.94559872
ENGL203,"[3.0, 3.0, 3.0, 3.0, 2.7, 3.3, 3.3, 3.0]",3.08928
ENGL204,"[3.0, 3.0]",3.0
ENGL215,"[2.7, 3.0, 3.0, 3.0, 3.0, 3.0]",2.976672
ENGL225,"[3.0, 3.0, 3.0, 3.3, 3.0]",3.072
ENGL226,"[3.3, 3.3]",3.3
ENGL227,"[3.3, 2.7, 3.3, 3.3, 3.3]",3.2481599999999995
ENGL228,"[3.0, 3.7]",3.2800000000000002
ENGL229,"[3.0, 3.3, 3.0, 3.3]",3.1632
ENGL230,"[3.0, 3.0, 3.0, 3.0, 3.3]",3.12
ENGL237,"[3.0, 3.0, 3.0]",3.0
ENGL250,[3.0],3.0
ENGL275,"[2.7, 3.0, 4.0, 3.3, 3.7, 3.7, 3.3]",3.4525632
ENGL277,"[3.0, 2.7, 3.0, 3.0, 3.7, 3.3, 3.0]",3.1634688
ENGL279,"[3.3, 3.0]",3.1799999999999997
ENGL280,"[3.0, 3.0]",3.0
ENGL290,"[3.3, 3.7, 3.7]",3.556
ENGL297,"[4.0, 3.7, 3.3, 3.3, 3.3]",3.42528
ENGL304,[3.3],3.3
ENGL307,"[3.0, 3.0]",3.0
ENGL311,"[3.0, 3.0, 3.0, 3.0, 3.0, 3.0, 3.3, 3.0, 3.3]",3.1632
ENGL313,"[3.0, 3.7]",3.2800000000000002
ENGL314,"[3.3, 3.3, 3.3]",3.3
ENGL315,"[3.0, 3.0, 3.3, 3.3, 3.0]",3.1152
ENGL316,"[3.0, 3.3]",3.12
ENGL318,"[3.3, 3.3]",3.3
ENGL319,"[3.7, 3.3, 3.3]",3.444
ENGL322,"[3.3, 2.7]",3.0599999999999996
ENGL324,[3.3],3.3
ENGL326,"[3.3, 3.0, 3.3, 3.3, 3.3]",3.27408
ENGL327,[3.3],3.3
ENGL331,"[3.3, 3.3]",3.3
ENGL332,"[3.3, 3.3, 3.0]",3.1799999999999997
ENGL335,"[2.7, 3.3]",2.9400000000000004
ENGL336,"[3.0, 3.3]",3.12
ENGL342,[3.3],3.3
ENGL343,[3.7],3.7
ENGL345,[3.0],3.0
ENGL346,"[3.3, 3.0, 3.0, 3.3]",3.1848
ENGL347,"[3.0, 3.3, 3.0]",3.072
ENGL348,[3.0],3.0
ENGL351,[3.3],3.3
ENGL352,[3.3],3.3
ENGL354,[3.3],3.3
ENGL356,[3.3],3.3
ENGL357,"[3.3, 3.0, 3.3]",3.2279999999999998
ENGL359,"[3.3, 3.3, 3.3, 3.0]",3.1799999999999997
ENGL360,[3.7],3.7
ENGL362,[3.0],3.0
ENGL363,[3.3],3.3
ENGL366,[3.0],3.0
ENGL371,"[3.7, 3.7]",3.7
ENGL374,"[3.0, 3.3]",3.12
ENGL378,"[3.7, 4.0]",3.8200000000000003
ENGL381,[3.3],3.3
ENGL382,[3.3],3.3
ENGL385,[3.3],3.3
ENGL390,[3.0],3.0
ENGL391,"[3.0, 3.7, 3.7]",3.4480000000000004
ENGL394,[3.7],3.7
ENGL405,[3.3],3.3
ENGL409,[3.7],3.7
ENGL414,[3.3],3.3
ENGL415,[3.3],3.3
ENGL418,[3.3],3.3
ENGL421,[3.7],3.7
ENGL423,"[3.7, 3.7, 3.7]",3.7
ENGL440,"[4.0, 4.0]",4.0
ENGL472,[3.3],3.3
ENGL481,[3.3],3.3
ENGL489,[3.0],3.0
ENTO330,"[3.3, 3.3]",3.3
ENVB210,"[3.3, 3.3, 3.3, 3.7, 3.7, 3.7, 3.7, 4.0, 3.7, 3.3]",3.5720025599999996
ENVB222,"[3.7, 3.7, 3.7, 3.7, 3.7, 3.7, 3.3]",3.54
ENVB301,"[3.3, 3.7, 3.3, 3.7, 3.7]",3.59056
ENVB305,"[3.3, 3.3, 3.3, 3.3, 3.3, 3.7, 3.3, 3.3]",3.3575999999999997
ENVB313,"[3.7, 4.0]",3.8200000000000003
ENVB410,"[3.7, 3.7]",3.7
ENVB430,[3.7],3.7
ENVB437,"[4.0, 3.7, 3.7, 4.0, 3.7]",3.81088
ENVB506,[4.0],4.0
ENVB529,[4.0],4.0
ENVR200,"[3.7, 3.3, 3.3, 3.3, 3.7, 3.7, 3.3, 3.3, 3.3, 3.7]",3.4972086784
ENVR201,"[3.3, 3.3, 3.3, 3.3, 3.3, 3.3, 3.7, 3.3, 3.7]",3.5176
ENVR202,"[3.0, 3.3, 3.3, 3.3, 3.3, 4.0, 3.3, 3.3]",3.39240192
ENVR203,"[3.0, 3.3, 3.0, 3.0, 3.3, 3.3, 3.0, 3.3, 3.3, 3.7, 3.3, 3.3, 3.0]",3.2063733276671997
ENVR301,"[3.3, 3.7, 3.3, 3.7, 3.3, 3.7, 3.7, 4.0, 3.7, 3.3, 3.7, 3.7, 4.0]",3.7902456426496
ENVR400,"[3.3, 3.7, 3.3, 3.7, 3.7, 3.7]",3.6343360000000002
ENVR401,"[3.7, 3.7, 4.0, 4.0]",3.8920000000000003
ENVR451,[4.0],4.0
EPSC180,"[3.0, 3.3, 3.3, 3.3, 3.3, 3.3, 3.3, 3.3, 3.7, 3.7]",3.5529766912000005
EPSC181,"[3.3, 3.7, 3.3, 3.3, 3.3, 3.3, 3.3]",3.3124416
EPSC182,"[4.0, 3.7]",3.88
EPSC185,"[3.3, 3.3, 3.3, 3.3, 3.3, 3.3, 3.3, 3.7, 3.7, 3.7]",3.6136
EPSC186,"[3.7, 3.3, 3.7, 3.7]",3.6424000000000003
EPSC201,"[3.0, 3.0, 2.7, 3.3, 3.3, 3.3, 3.3, 3.3, 3.3, 3.3, 3.0, 3.3, 3.7, 3.7, 3.0, 3.7, 3.7, 3.7]",3.6173008903064776
EPSC210,"[3.3, 3.7, 3.3]",3.396
EPSC221,"[3.7, 3.7, 3.3, 3.3, 3.0, 3.3, 3.7, 3.3]",3.3887424
EPSC233,"[3.3, 3.7, 3.3]",3.396
EPSC320,[3.3],3.3
EPSC519,[4.0],4.0
ESYS104,"[2.7, 3.0, 3.3, 2.7, 3.3, 3.7, 3.3]",3.3068352
EXMD401,[3.7],3.7
EXMD502,[3.7],3.7
EXMD504,"[3.7, 3.7, 3.7, 3.7, 4.0, 3.7, 3.3]",3.5831999999999997
EXMD506,[3.7],3.7
EXMD509,"[4.0, 4.0, 4.0, 4.0, 4.0, 4.0, 4.0, 4.0]",4.0
EXSU500,[4.0],4.0
FACC100,"[3.3, 3.3, 4.0, 3.3, 3.7, 3.7, 3.7, 3.7, 3.7, 4.0, 4.0, 3.7, 3.7, 4.0, 4.0, 4.0, 3.7, 3.7, 4.0, 4.0]",3.924351387882147
FACC220,"[3.3, 3.3, 3.3, 3.7, 3.7, 3.0, 3.7, 3.3, 3.7]",3.5248576000000007
FACC300,"[3.0, 3.0, 3.0, 3.0, 3.0, 3.0, 3.0, 3.0, 2.7, 3.0, 2.7, 2.7, 2.7, 3.0, 2.7, 2.7, 3.0, 2.7, 2.7, 3.3, 3.0, 3.0, 2.3, 2.7, 2.7, 3.0, 3.0]",2.8938332992237257
FACC400,"[3.7, 3.7, 4.0, 4.0, 4.0, 3.7, 3.7, 4.0, 4.0, 4.0, 4.0, 4.0, 4.0, 4.0]",3.9939721940991997
FACC500,"[3.7, 3.7]",3.7
FDSC200,"[3.7, 3.7, 3.3, 3.3, 3.3, 4.0, 4.0, 4.0]",3.8674624
FDSC213,"[3.3, 3.3, 3.3, 3.3]",3.3
FDSC230,"[2.3, 2.3, 2.7, 2.3, 2.7, 2.3, 2.7, 2.7, 2.3, 2.3, 2.7, 3.0, 3.0, 3.0]",2.8974968426496
FDSC231,"[3.7, 3.3]",3.54
FDSC232,[3.3],3.3
FDSC233,"[3.0, 2.7, 3.3]",3.048
FDSC251,"[2.7, 3.0, 2.7, 3.7, 2.7, 2.7]",2.859552
FDSC300,"[3.0, 3.3, 3.7]",3.3520000000000003
FDSC305,"[3.3, 3.3, 3.3, 3.7, 3.7]",3.556
FDSC310,"[4.0, 3.7, 4.0]",3.928
FDSC319,"[3.3, 3.3]",3.3
FDSC330,"[4.0, 4.0, 4.0]",4.0
FDSC334,"[3.3, 3.3, 3.0, 3.3]",3.2279999999999998
FDSC400,[3.7],3.7
FDSC442,"[3.3, 3.7, 3.7]",3.556
FDSC525,[3.7],3.7
FDSC540,"[3.3, 3.7]",3.46
FILM279,"[2.7, 2.7, 3.0, 3.3, 3.0, 3.3]",3.12432
FINE342,"[3.3, 3.3, 3.3, 3.3, 3.3, 3.3, 3.3, 3.3, 3.3, 3.3, 3.0, 3.3, 3.7, 3.7, 3.3, 3.3, 3.3, 3.3, 3.3, 3.3, 3.3]",3.306440767488
FINE434,"[3.3, 3.3, 3.3, 3.3, 3.3, 3.3, 3.3]",3.3
FINE435,[3.3],3.3
FINE441,"[3.3, 3.3, 3.3, 3.3, 3.3, 3.3, 3.0, 3.3, 3.0, 3.3, 3.3, 3.7, 3.7, 3.3, 3.3, 3.3, 3.3]",3.330436466688
FINE442,"[3.3, 3.3, 3.0, 3.3, 3.3, 3.3, 3.3, 3.3, 3.3, 3.3, 3.7]",3.4579844607999997
FINE443,"[3.3, 3.3, 3.3, 3.3, 3.3, 3.7, 3.7, 3.7, 3.7, 3.3, 3.3, 3.3]",3.37520256
FINE445,"[3.0, 3.3, 3.3, 3.3]",3.2352
FINE446,[3.3],3.3
FINE447,"[3.3, 3.7, 3.7]",3.556
FINE448,"[3.3, 3.3, 3.3, 3.3]",3.3
FINE449,[3.7],3.7
FINE451,"[3.3, 3.3, 3.0, 3.3, 3.0, 3.3]",3.20208
FINE452,"[3.3, 3.3]",3.3
FINE456,[3.3],3.3
FINE460,[3.0],3.0
FINE477,[3.7],3.7
FINE482,"[3.3, 3.3, 3.3, 3.3, 3.0, 3.3, 3.7, 3.3, 3.3, 3.3, 3.3]",3.31513728
FINE492,[3.3],3.3
FINE541N2,[3.7],3.7
FINE547,[3.7],3.7
FREN201,"[3.3, 3.3]",3.3
FREN222,[3.3],3.3
FREN231,"[3.0, 3.7]",3.2800000000000002
FREN250,"[3.3, 3.0, 4.0, 3.7]",3.5848000000000004
FREN251,"[3.3, 3.3, 3.7]",3.46
FREN252,[3.3],3.3
FREN310,[4.0],4.0
FREN336,[3.3],3.3
FREN444,[3.3],3.3
FREN450,[3.3],3.3
FRSL101,"[3.0, 3.0, 3.3, 3.3, 3.7, 3.3, 3.7, 3.7, 3.7]",3.62593792
FRSL102,"[3.3, 3.3, 3.3, 3.3, 3.7, 3.7, 3.3, 3.7]",3.5521599999999998
FRSL103,"[2.7, 3.3, 3.3, 3.3, 3.3, 3.3, 3.3, 3.3, 3.7, 3.3]",3.3899533824
FRSL105,"[3.3, 3.3, 3.3, 3.3, 3.3, 3.0, 3.0, 3.3, 3.3, 3.7, 3.3, 3.7, 3.7, 3.7, 3.7, 3.3, 3.7, 3.7, 3.0]",3.379916025151488
FRSL207D2,"[3.3, 3.3, 3.3, 3.3, 3.3, 3.3, 3.3]",3.3
FRSL208,"[3.3, 3.7, 3.7, 3.3, 3.3, 3.7, 3.3, 3.7, 3.3, 3.7, 3.7, 3.3]",3.4843808501759996
FRSL211D2,"[3.3, 3.3, 3.3, 3.3, 3.3, 3.3, 3.3, 3.0, 3.0]",3.1079999999999997
FRSL215,"[3.0, 3.3]",3.12
FRSL302,[3.3],3.3
FRSL321D2,"[3.3, 3.3, 3.3, 3.3, 3.3, 3.3, 3.3, 3.3]",3.3
FRSL325,"[3.3, 3.3, 3.3, 3.3, 3.3, 3.3]",3.3
FRSL332,[3.7],3.7
FRSL333,"[3.7, 3.0]",3.4200000000000004
FRSL407,[3.7],3.7
FRSL431,[3.3],3.3
FRSL431D2,"[3.3, 3.0, 3.3, 3.3, 3.3, 3.3, 3.3, 3.3]",3.2944012799999998
FRSL445,"[3.0, 3.3, 3.3]",3.192
FRSL446,[3.0],3.0
FRSL449,"[3.3, 3.7, 3.7, 3.7, 3.7, 3.7]",3.668896
FSCI198,[4.0],4.0
FSCI500,[4.0],4.0
GEOG200,"[3.3, 3.3, 3.7, 3.3, 3.3, 3.7, 3.7, 3.3]",3.4660416000000005
GEOG201,"[3.3, 3.3, 3.3, 3.3, 3.7, 3.7, 4.0, 3.7, 4.0]",3.832096
GEOG202,"[3.3, 3.3, 3.7, 3.3]",3.396
GEOG203,"[3.3, 3.0, 3.3, 3.3, 3.3, 3.7, 3.3, 3.3]",3.3520012799999996
GEOG205,"[3.3, 3.3, 3.0, 3.3, 3.3, 3.3, 3.7, 3.3, 3.3, 3.0]",3.211200768
GEOG210,"[3.3, 3.7, 3.7, 3.3, 3.7, 3.3]",3.451296
GEOG216,"[3.0, 2.7, 3.0, 3.0, 3.0, 3.0, 3.3, 2.7, 2.7]",2.847840768
GEOG217,"[3.3, 3.0, 3.0, 3.0, 3.0, 3.3, 3.0, 3.0]",3.05159808
GEOG221,"[3.3, 3.0, 3.7, 3.7, 3.7]",3.5876800000000006
GEOG272,"[3.7, 3.7, 3.3, 3.7, 3.3, 3.7, 3.3, 3.3]",3.3969984
GEOG300,"[3.3, 3.3]",3.3
GEOG301,"[3.3, 3.3, 3.3]",3.3
GEOG302,"[3.3, 3.3, 3.3, 3.7, 3.3, 3.7, 3.7, 3.7, 3.7]",3.6606016000000006
GEOG303,"[3.3, 3.3, 3.3, 3.7, 3.7, 4.0]",3.7336
GEOG305,"[3.7, 3.7]",3.7
GEOG306,"[3.3, 3.3]",3.3
GEOG307,"[3.7, 3.7, 3.7, 4.0]",3.8200000000000003
GEOG308,"[3.7, 3.3, 3.7, 3.7, 3.7, 3.7]",3.679264
GEOG310,"[3.7, 3.3]",3.54
GEOG311,"[3.0, 2.7, 3.0, 3.3, 2.7, 2.7]",2.835648
GEOG314,"[3.7, 3.7]",3.7
GEOG315,"[3.7, 3.7, 3.7]",3.7
GEOG316,"[3.3, 3.3, 3.7, 3.3, 3.3]",3.3575999999999997
GEOG321,"[3.3, 3.3, 3.7]",3.46
GEOG322,"[3.3, 3.0, 3.3, 3.3, 3.3, 3.7]",3.4444480000000004
GEOG325,"[3.3, 3.3, 3.3, 3.7, 3.7, 3.7, 3.7, 3.7]",3.668896
GEOG331,"[3.3, 3.3, 3.7]",3.46
GEOG333,[3.7],3.7
GEOG351,"[3.0, 3.0, 3.3, 3.7, 3.7]",3.4912
GEOG360,"[3.7, 3.7, 3.7]",3.7
GEOG372,[3.3],3.3
GEOG407,[3.7],3.7
GEOG408,"[3.7, 3.3, 4.0, 4.0]",3.8344
GEOG409,"[3.7, 3.3, 3.7, 3.7]",3.6424000000000003
GEOG494,"[3.7, 3.7, 3.7, 3.7, 3.7]",3.7
GEOG498,[3.7],3.7
GERM197,[3.7],3.7
GERM202D2,"[3.3, 3.7, 3.3, 3.3, 3.7, 3.7]",3.5767360000000004
GERM259,"[3.3, 3.3, 3.3]",3.3
GERM260,"[3.7, 3.3, 3.3]",3.444
GERM307D2,"[3.7, 3.7, 3.7, 3.7, 3.7, 3.3]",3.54
GERM373,[3.7],3.7
GSFS200,"[3.3, 3.3, 3.3, 3.7, 3.7, 4.0, 3.7, 4.0, 3.7]",3.7792576
GSFS250,"[3.3, 3.3, 3.7, 3.7, 3.3, 4.0, 3.7, 4.0, 3.7]",3.76598656
GSFS300,"[4.0, 3.7, 4.0, 3.7, 3.7]",3.7820800000000006
GSFS301,"[3.3, 3.7]",3.46
GSFS305,"[3.7, 3.7]",3.7
GSFS306,"[3.7, 4.0]",3.8200000000000003
GSFS307,"[4.0, 4.0, 3.3]",3.7199999999999998
GSFS308,[3.7],3.7
GSFS404,[4.0],4.0
GSFS405,[4.0],4.0
GSFS406,"[3.7, 3.3, 3.7]",3.604
HGEN400,"[4.0, 4.0]",4.0
HISP210D2,"[3.3, 3.3, 3.3, 3.3, 3.7, 3.7, 3.7]",3.6136
HISP218,"[3.7, 3.7, 3.7, 3.7, 3.3, 3.7, 3.7, 3.7, 3.7]",3.679264
HISP219,"[3.3, 3.3, 3.7, 3.7, 3.7]",3.6136
HISP220D2,"[3.3, 3.3, 3.3, 3.3, 3.3, 3.7]",3.46
HISP225,"[3.3, 3.3, 3.3, 3.3, 3.3, 3.7, 3.7, 3.3]",3.4536
HISP226,"[3.3, 2.7, 2.7, 3.3, 3.3, 3.7, 3.7, 4.0]",3.7037401599999997
HISP241,"[3.7, 3.3, 3.7]",3.604
HISP242,"[3.3, 4.0, 4.0]",3.748
HISP243,"[3.3, 3.3]",3.3
HISP244,"[3.3, 3.3]",3.3
HISP301,[4.0],4.0
HISP356,"[3.7, 4.0]",3.8200000000000003
HIST200,"[3.0, 3.0, 3.7, 3.7, 3.3]",3.3888
HIST201,"[3.3, 3.3]",3.3
HIST202,"[3.3, 3.3, 3.3, 3.3, 3.3, 3.7, 3.3, 3.3]",3.3575999999999997
HIST203,"[2.7, 3.3, 3.3, 3.3, 3.3, 3.3, 3.3, 3.3]",3.2832038400000005
HIST205,"[3.3, 3.3, 2.7, 2.7, 3.3, 3.3, 3.3, 3.3, 3.3]",3.2701401599999995
HIST206,[3.7],3.7
HIST207,"[2.7, 3.0, 3.3]",3.0120000000000005
HIST208,"[3.0, 3.3, 3.3, 3.3, 3.3, 3.7, 3.7]",3.5420032
HIST209,"[3.7, 3.7, 3.7]",3.7
HIST211,"[3.3, 3.3, 3.3, 3.0, 3.3, 3.0, 3.0, 3.3]",3.1692480000000005
HIST212,"[3.7, 3.7, 3.3]",3.54
HIST213,"[3.7, 3.7, 3.0, 3.3, 3.3, 3.3, 3.3, 3.0]",3.1893312000000003
HIST214,"[3.3, 3.3, 3.3, 3.0, 3.7, 3.3, 3.3]",3.3316800000000004
HIST215,"[3.3, 3.3, 3.0, 3.0, 3.0, 3.0, 3.3, 3.3, 3.3]",3.24359808
HIST216,"[3.0, 3.3, 3.3, 3.3]",3.2352
HIST218,"[3.3, 3.3, 3.0, 3.3, 3.3, 3.3, 3.7]",3.4444480000000004
HIST219,"[3.3, 3.7, 3.3, 3.7]",3.5176
HIST221,"[3.3, 3.0, 3.3, 3.3, 3.3, 3.3]",3.2844480000000003
HIST223,"[3.0, 3.0, 3.3, 3.3, 2.7, 3.7, 3.3, 3.3, 3.7, 3.0]",3.273034752
HIST226,"[3.0, 3.7, 3.3]",3.2880000000000003
HIST236,[3.3],3.3
HIST238,[3.3],3.3
HIST240,"[3.3, 3.0, 3.3, 3.3]",3.2568
HIST249,"[3.3, 3.3, 3.3, 3.3, 3.3, 3.3, 3.3, 3.3]",3.3
HIST275,[3.7],3.7
HIST298,"[3.3, 3.3]",3.3
HIST299,"[4.0, 3.7]",3.88
HIST301,[3.7],3.7
HIST302,"[3.3, 3.3]",3.3
HIST304,"[3.3, 3.3, 3.3]",3.3
HIST306,"[3.0, 3.3, 3.3]",3.192
HIST307,[3.3],3.3
HIST308,"[3.3, 3.3]",3.3
HIST309,"[3.7, 3.3, 3.3, 3.3]",3.3864
HIST310,"[3.3, 3.3, 3.3]",3.3
HIST311,[3.3],3.3
HIST313,"[3.3, 3.0]",3.1799999999999997
HIST314,"[3.3, 3.3, 3.3]",3.3
HIST315,"[3.3, 3.3, 3.7, 3.3, 3.3, 3.7, 3.3]",3.416736
HIST316,"[3.0, 3.0, 3.3]",3.12
HIST317,"[3.3, 3.3]",3.3
HIST319,[3.3],3.3
HIST323,"[3.3, 3.0]",3.1799999999999997
HIST325,"[3.3, 3.3]",3.3
HIST326,"[3.3, 3.0, 3.3, 3.3]",3.2568
HIST327,"[3.7, 3.7]",3.7
HIST328,[3.7],3.7
HIST330,[3.7],3.7
HIST331,"[3.3, 3.3]",3.3
HIST332,"[3.0, 3.3, 3.0]",3.072
HIST333,[3.3],3.3
HIST334,[3.3],3.3
HIST335,"[3.0, 3.0, 3.0]",3.0
HIST338,"[3.7, 3.3, 3.7, 3.7]",3.6424000000000003
HIST340,"[3.7, 3.7, 3.7]",3.7
HIST341,"[3.7, 3.7, 3.7, 3.7, 3.7, 3.7, 3.7, 3.7, 3.7]",3.7
HIST342,[3.3],3.3
HIST343,"[3.0, 3.7]",3.2800000000000002
HIST345,"[3.0, 3.3]",3.12
HIST346,[3.0],3.0
HIST347,"[3.0, 3.3, 3.3]",3.192
HIST349,[3.3],3.3
HIST350,"[3.3, 3.3]",3.3
HIST351,"[3.3, 3.3]",3.3
HIST353,"[3.0, 3.3]",3.12
HIST354,"[3.3, 3.7]",3.46
HIST356,"[3.3, 3.3, 3.3]",3.3
HIST358,[2.7],2.7
HIST360,"[3.3, 3.3, 3.7, 3.3, 3.7, 3.7, 3.7]",3.6343360000000002
HIST362,"[3.0, 3.3]",3.12
HIST364,"[3.3, 3.7]",3.46
HIST365,[3.3],3.3
HIST367,[3.3],3.3
HIST368,"[3.3, 3.7, 3.3]",3.396
HIST369,"[3.3, 3.7]",3.46
HIST370,"[3.3, 3.3]",3.3
HIST371,"[3.7, 3.7]",3.7
HIST374,[3.3],3.3
HIST375,"[3.0, 3.3]",3.12
HIST376,[3.7],3.7
HIST377,"[3.3, 3.3]",3.3
HIST380,"[3.3, 3.3]",3.3
HIST381,[3.3],3.3
HIST382,[3.7],3.7
HIST383,[3.3],3.3
HIST384,"[3.3, 3.7]",3.46
HIST386,"[3.3, 3.3]",3.3
HIST387,"[3.0, 3.0]",3.0
HIST388,"[3.3, 3.3, 3.3, 3.3]",3.3
HIST390,"[3.3, 3.7, 3.3]",3.396
HIST391,[3.0],3.0
HIST392,"[3.3, 3.3, 3.7]",3.46
HIST393,"[3.3, 3.3, 3.3, 3.3]",3.3
HIST394,[3.0],3.0
HIST397,"[3.7, 3.3, 3.7, 3.7]",3.6424000000000003
HIST399,"[3.7, 4.0]",3.8200000000000003
HIST417,[3.3],3.3
HIST422,[3.7],3.7
HIST435,[4.0],4.0
HIST436,"[3.3, 3.3]",3.3
HIST481,[3.7],3.7
HSEL308,"[3.7, 3.7, 3.7, 3.7]",3.7
HSEL309,"[3.7, 3.7, 3.7, 3.7]",3.7
INDG200,"[3.3, 3.3, 3.7, 3.7, 3.7, 3.3, 3.7]",3.572896
INDG202,[3.7],3.7
INDG401,[4.0],4.0
INDR294,"[3.0, 3.0, 3.3, 3.0, 3.0, 3.0, 3.3, 3.7, 3.7, 3.3, 3.3]",3.3708475391999997
INDR492,[3.3],3.3
INDR494,"[2.7, 3.3]",2.9400000000000004
INDR496,"[3.3, 3.7, 3.3]",3.396
INSY331,"[3.3, 3.3, 3.3, 3.3]",3.3
INSY333,"[3.3, 3.3, 3.3, 3.3, 3.7]",3.46
INSY336,"[3.7, 3.3, 3.3, 3.3, 3.3]",3.35184
INSY339,[3.7],3.7
INSY341,"[3.3, 3.3]",3.3
INSY432,[3.3],3.3
INSY437,"[3.3, 3.3]",3.3
INSY440,[3.3],3.3
INSY442,"[3.3, 3.3, 3.3, 3.7, 3.3]",3.396
INSY444,"[3.3, 3.3]",3.3
INSY446,"[3.3, 3.3]",3.3
INSY448,[3.3],3.3
INSY450,[3.3],3.3
INSY455,"[3.3, 3.3]",3.3
INTD200,"[3.7, 3.7, 3.3, 3.3, 3.3, 3.3, 3.3, 3.7, 3.7, 3.7, 3.3, 3.3, 3.3, 3.3]",3.3415132729344004
INTD350,"[3.7, 3.3, 3.7, 3.3, 3.3]",3.40944
INTD352,"[3.3, 3.7]",3.46
INTD354,[3.7],3.7
INTD356,"[3.7, 3.7]",3.7
INTD358,[3.7],3.7
INTD360,"[4.0, 3.7, 3.7]",3.808
INTD397,"[3.7, 3.7, 3.3, 3.7, 3.3, 3.7, 3.7, 3.3, 3.3, 3.3, 3.7]",3.5016876544000004
INTD497,"[3.7, 3.7, 3.7, 3.7, 3.7, 3.3]",3.54
INTG201,"[3.3, 3.3, 3.3, 3.3, 3.3, 3.3, 3.3]",3.3
INTG202,"[3.3, 3.3, 3.3, 3.3, 3.3]",3.3
ISLA199,"[3.7, 3.7]",3.7
ISLA200,"[3.7, 3.7, 3.7, 3.7, 3.7, 3.7, 3.7]",3.7
ISLA210,"[3.3, 3.3, 3.7, 3.3, 3.7, 3.7, 4.0, 4.0]",3.8526016
ISLA221D2,[4.0],4.0
ISLA300,"[3.7, 4.0]",3.8200000000000003
ISLA305,[3.7],3.7
ISLA325,[3.3],3.3
ISLA330,[3.7],3.7
ISLA355,[3.3],3.3
ISLA360,[3.7],3.7
ISLA383,"[3.7, 3.7, 4.0]",3.8200000000000003
ISLA392,[3.7],3.7
ISLA521D2,"[3.7, 3.7, 3.7, 3.3, 3.7, 3.7]",3.6424000000000003
ISLA522D2,"[3.7, 3.7, 3.3]",3.54
ISLA523D2,"[3.7, 3.3]",3.54
ITAL205D2,"[3.7, 3.3, 3.7, 3.7, 3.7, 3.7, 3.3]",3.5275584
ITAL206,"[3.7, 3.3, 3.7, 3.7, 3.7, 3.7, 3.7, 3.3]",3.53253504
ITAL216,[3.3],3.3
ITAL230,"[3.7, 3.3, 3.7, 3.7, 3.7, 3.3]",3.5192639999999997
ITAL355,"[3.3, 3.7, 3.7, 3.7]",3.6136
ITAL375,"[3.3, 3.7]",3.46
JWST202,[3.3],3.3
JWST206,[4.0],4.0
JWST220D2,"[3.7, 3.3]",3.54
JWST240,"[3.3, 3.7, 3.3, 3.3, 3.3, 3.3, 3.7]",3.4724416000000002
JWST245,[4.0],4.0
JWST254,[3.3],3.3
JWST303,[3.7],3.7
JWST309,"[3.7, 3.7, 3.7]",3.7
JWST311,[3.7],3.7
JWST316,[3.7],3.7
JWST330,[4.0],4.0
JWST334,[3.7],3.7
JWST346,[3.7],3.7
JWST376,[4.0],4.0
LAWG100D2,"[3.0, 3.0, 3.0, 3.0, 3.0, 3.0]",3.0
LAWG101D2,"[3.0, 3.0, 3.0, 3.0, 3.0, 3.0]",3.0
LAWG102D2,"[3.0, 3.0, 3.0, 3.0, 3.0, 3.0]",3.0
LAWG103,"[3.0, 3.0, 3.0]",3.0
LAWG210,"[3.0, 3.0, 3.0, 3.0, 3.0]",3.0
LAWG220D2,"[3.0, 3.0, 3.0, 3.0]",3.0
LAWG316,"[3.0, 3.0]",3.0
LAWG415,[3.0],3.0
LAWG426,[3.0],3.0
LAWG505,"[3.0, 3.0]",3.0
LAWG535,[3.3],3.3
LAWG538,[3.0],3.0
LEEL369,"[3.0, 3.0]",3.0
LEEL582,[3.0],3.0
LING200,"[3.3, 3.7, 3.7, 3.3, 3.3, 3.0, 3.7, 3.7]",3.5327065600000003
LING201,"[3.0, 3.3, 3.3, 3.3, 3.0, 3.7, 3.0, 3.3, 3.3, 3.0, 3.3, 3.0, 3.0, 3.7, 3.3, 3.3, 3.3, 3.3, 3.3]",3.3020975767200205
LING210,"[3.3, 3.7, 3.7, 3.7, 3.7]",3.64816
LING211,[3.7],3.7
LING260,"[3.7, 3.3, 3.0, 3.3, 3.7, 3.7, 3.3, 3.3, 3.7, 3.3, 3.3]",3.37790966784
LING320,"[3.3, 3.0, 3.3, 3.0, 3.3, 3.3, 3.0]",3.1447488
LING325,"[3.0, 3.0, 3.0, 3.7, 3.0]",3.168
LING330,"[3.3, 3.7, 3.7, 3.7, 3.0, 3.0, 3.7, 3.3, 3.7, 3.7, 3.7, 3.3, 3.7, 3.7]",3.6268879325593604
LING331,"[3.3, 3.3, 3.0, 3.0, 3.0, 3.3, 3.0, 3.0]",3.0571968000000003
LING345,[3.3],3.3
LING350,"[3.3, 3.3, 3.0, 2.7]",2.9879999999999995
LING355,"[3.3, 3.3, 3.7, 4.0, 3.3]",3.5256
LING360,"[2.3, 2.7, 2.7, 2.7, 2.7, 3.3, 2.3, 2.7]",2.6792025600000002
LING371,"[3.0, 3.0, 3.3, 3.0, 3.3, 3.0, 3.0, 3.0, 2.7, 3.7, 3.7, 3.3, 3.3, 3.3]",3.3242814799872002
LING390,[3.3],3.3
LING410,[3.3],3.3
LING425,"[3.0, 3.0, 3.0]",3.0
LING445,"[3.7, 3.7]",3.7
LING451,[3.7],3.7
LING455,[3.0],3.0
LING521,[3.0],3.0
LING530,"[3.7, 3.7]",3.7
LLCU201,[3.0],3.0
LLCU210,[3.0],3.0
LLCU212,"[3.0, 3.3, 3.3, 3.3, 3.3, 3.7]",3.436672
LLCU255,[3.7],3.7
LLCU279,[3.3],3.3
LLCU300,"[3.7, 3.7]",3.7
LLCU311,[3.7],3.7
LSCI202,"[3.7, 3.7, 3.7, 3.3]",3.54
LSCI204,"[3.0, 3.0, 3.0, 3.3, 3.3, 3.3, 3.0, 4.0, 3.3, 3.3]",3.36648192
LSCI211,"[2.7, 3.0, 3.3, 3.0, 3.0, 3.0, 3.3, 3.3, 3.7, 3.3, 4.0, 4.0, 4.0, 3.3, 3.3]",3.502035772588032
LSCI230,"[3.3, 3.7, 3.3, 3.3, 3.7, 3.7, 3.0]",3.3460416000000004
MATH111,"[3.7, 3.7]",3.7
MATH112,"[2.7, 2.7]",2.7
MATH122,"[2.7, 2.3, 2.7, 2.7, 2.7, 2.7, 2.7, 2.7, 4.0, 3.0, 3.7]",3.35758756864
MATH123,"[3.3, 3.3, 3.3, 3.3, 3.7, 3.7, 3.0, 3.3, 3.7, 3.3, 3.3, 3.3, 3.0]",3.2023036416000004
MATH133,"[2.7, 3.0, 2.3, 2.3, 3.0, 2.7, 2.7, 3.0, 2.7, 2.7, 2.7, 3.0, 3.0, 3.0, 2.7, 3.3, 3.0, 3.0, 2.7, 3.0, 3.3, 3.7, 3.7, 3.7, 3.0, 3.3, 3.0, 2.7, 3.3, 2.7]",2.950751671485351
MATH139,"[2.7, 3.3, 3.3, 2.7, 3.3, 3.3, 2.3, 3.7, 2.7, 3.0]",2.9899559424
MATH140,"[3.0, 2.7, 3.0, 2.7, 3.3, 2.7, 3.0, 3.0, 3.0, 2.7, 2.7, 3.0, 3.0, 2.7, 3.0, 3.0, 2.7, 3.0, 3.3, 3.7, 3.3, 3.7, 3.0, 2.0, 2.7, 2.7, 3.0]",2.83468643763623
MATH141,"[2.7, 2.7, 2.7, 3.0, 2.7, 3.0, 3.3, 3.0, 3.0, 3.0, 2.7, 3.0, 2.7, 2.3, 3.0, 3.0, 2.3, 3.0, 3.0, 2.7, 2.7, 3.3, 3.7, 3.7, 3.3, 2.7, 2.7, 2.3, 3.0, 3.0]",2.88756969421563
MATH150,"[3.0, 3.0, 3.3, 3.0, 3.7, 2.7, 3.3, 3.7, 3.0, 3.3]",3.256300032
MATH151,"[2.3, 3.3, 3.0, 3.0, 3.3, 3.0, 3.3, 3.0]",3.0839232
MATH180,"[3.7, 4.0, 4.0, 3.7, 3.7, 3.7, 4.0, 4.0, 4.0]",3.944157952
MATH203,"[3.3, 3.7, 3.3, 3.3, 3.3, 3.3, 3.7, 3.3, 3.7, 3.7, 3.3, 3.7, 3.7, 3.3, 3.0, 3.7, 3.7, 4.0, 4.0, 4.0, 3.7, 3.7, 3.7, 3.7, 4.0, 4.0]",3.9015040285860945
MATH204,"[3.3, 3.3, 3.3, 3.3, 3.3, 3.7, 4.0, 3.7]",3.6856
MATH208,"[3.7, 4.0, 4.0, 4.0]",3.9352
MATH222,"[3.3, 3.3, 2.3, 2.7, 2.7, 3.0, 2.7, 2.7, 3.3, 3.0, 2.7, 3.3, 2.3, 3.0, 3.0, 3.0, 4.0, 3.7, 3.3, 3.3, 3.3, 2.7, 2.7, 3.3, 2.3]",2.767364802368709
MATH223,"[3.0, 3.3, 3.0, 2.7, 3.0, 3.3, 2.7, 3.3, 2.7, 2.3, 2.7, 2.7, 3.3, 3.7, 3.7, 2.3, 3.0, 3.0, 2.7]",2.8745521605162567
MATH235,"[2.7, 2.7, 2.7, 3.0, 3.3, 3.3, 4.0, 3.3, 3.3]",3.3634752
MATH236,"[3.0, 2.7, 2.7, 2.3, 2.3, 3.7, 3.0, 3.0]",2.9891020800000003
MATH240,"[3.0, 3.0, 3.3, 3.0, 3.3, 3.0, 3.0, 2.0, 2.3, 2.0, 3.3, 3.7, 2.7, 2.7, 3.0, 2.7]",2.8238722127953926
MATH242,"[3.3, 3.0, 3.0, 2.7, 3.0, 2.7, 3.7, 3.0, 3.3]",3.190587648
MATH243,"[3.0, 3.3, 3.0, 3.0, 3.0, 3.7, 3.3, 3.0]",3.1783987200000006
MATH247,"[2.7, 3.3, 3.0, 3.3, 3.7, 3.3, 4.0]",3.5940544
MATH248,"[3.3, 3.3, 2.7, 3.3, 3.3, 3.7, 3.0, 3.3]",3.2669376
MATH249,"[2.7, 2.7, 3.3, 3.0, 3.7, 3.3, 3.3]",3.285024
MATH251,"[3.3, 3.3, 3.0, 2.7, 3.3, 3.7, 3.3, 3.7]",3.4771648
MATH254,"[3.3, 2.7, 3.0, 3.3, 3.0, 4.0, 3.3, 3.3]",3.35435136
MATH255,"[2.7, 3.0, 3.3, 3.0, 3.0, 3.7, 4.0, 3.3]",3.46173312
MATH262,"[3.3, 2.7, 3.7, 2.7, 3.7, 3.0, 2.3, 3.3, 2.7, 2.7, 3.0, 3.0, 2.7, 2.7, 3.0, 2.7, 3.7, 3.0, 3.7, 3.7, 3.3, 3.3, 3.0, 2.7, 3.3, 3.3, 3.0]",3.1177267948827496
MATH263,"[2.3, 2.7, 3.0, 3.0, 3.0, 3.3, 2.3, 3.7, 3.0, 3.3, 3.7, 3.0, 3.3, 3.0, 3.0, 2.7, 2.7, 3.0, 3.7, 4.0, 3.7, 3.3, 4.0, 2.7, 3.7, 3.7, 3.0]",3.3320555563140695
MATH264,"[2.7, 3.0, 3.0, 3.0, 2.7, 3.0, 2.3, 3.0, 2.7, 3.0, 2.3, 2.7, 3.0, 3.3, 3.0, 2.7, 3.3, 3.3, 3.3, 3.7, 3.0, 3.7, 3.0, 3.3, 3.0, 3.3]",3.218404846288952
MATH270,"[3.0, 2.7, 3.3, 3.0, 3.0]",3.0172800000000004
MATH271,"[2.7, 3.0, 2.3, 2.7, 2.7, 2.3, 2.7, 2.3, 3.3, 2.7, 2.7]",2.73792033792
MATH308,"[4.0, 4.0, 3.7]",3.88
MATH314,"[3.0, 3.3, 3.3, 2.7, 2.7, 3.0, 3.7, 3.0, 2.7, 3.0, 2.3, 3.7, 3.7, 2.7, 2.7, 2.3, 3.3]",2.9272871507145526
MATH315,"[3.3, 2.3, 3.0, 2.3, 3.7, 2.3, 3.7, 2.7, 2.3, 2.7, 2.7, 2.7, 2.7, 3.3, 2.0, 3.3, 4.0, 3.3, 3.3, 3.0, 2.7, 3.0, 2.0, 2.7, 3.3]",2.902697424357258
MATH316,"[2.3, 3.0, 3.7, 3.3, 3.0]",3.0820800000000004
MATH317,"[2.7, 3.0, 3.0, 3.3, 2.7]",2.91312
MATH318,"[3.0, 3.3, 3.0, 3.0, 3.7, 3.0, 3.0]",3.1101312000000005
MATH319,"[3.0, 3.0, 3.0]",3.0
MATH323,"[2.3, 2.0, 2.7, 2.3, 3.3, 2.7, 2.0, 2.7, 2.7, 1.0, 3.0, 3.0, 2.0, 3.0, 3.0, 2.0, 3.0, 3.7, 3.7, 3.7, 3.3, 3.0, 4.0, 2.3, 4.0, 3.7]",3.5373021021183053
MATH324,"[3.0, 2.7, 2.3, 2.7, 2.7, 2.7, 3.3, 3.0, 3.0, 3.0, 3.3, 3.7, 3.7, 3.7, 3.3, 3.3, 3.3]",3.35893597357867
MATH325,"[3.0, 2.7, 3.3, 3.3, 3.3, 3.3, 3.7, 3.3, 3.0]",3.2258426879999997
MATH326,"[3.3, 2.7, 3.3, 3.3, 3.3, 3.3, 3.7, 3.7]",3.54480256
MATH327,"[3.3, 3.7]",3.46
MATH329,"[3.0, 3.7, 3.3, 3.7, 2.7, 2.7]",2.9710080000000003
MATH338,"[3.7, 3.7, 3.7, 3.3, 3.3, 3.7, 4.0, 3.7, 3.0]",3.4300224
MATH340,"[3.3, 2.7, 2.7, 3.0, 3.7, 3.3, 3.0]",3.1619136
MATH348,"[3.0, 3.3, 4.0, 2.3]",3.0031999999999996
MATH350,"[3.3, 3.3, 3.0, 3.7, 2.7, 2.7]",2.94768
MATH356,"[2.7, 3.3, 3.3, 3.7, 3.0, 4.0, 3.3, 3.0]",3.25881984
MATH357,"[3.0, 3.7, 3.3]",3.2880000000000003
MATH358,[3.7],3.7
MATH363,"[2.7, 3.7, 3.3]",3.1800000000000006
MATH381,"[3.7, 3.0, 3.0, 3.7]",3.4312000000000005
MATH417,[3.0],3.0
MATH423,"[3.7, 3.7, 3.7, 4.0, 4.0, 3.7]",3.8152
MATH430,[2.7],2.7
MATH447,"[2.7, 3.0, 3.3, 3.7, 3.3, 2.7, 2.7]",2.9132352
MATH454,"[3.7, 3.3, 3.0, 4.0, 3.3, 3.7, 3.7, 3.3]",3.4917542399999997
MATH455,"[3.3, 3.7, 3.3]",3.396
MATH456,"[3.3, 2.7, 3.7, 3.7, 3.7, 3.3]",3.4570559999999997
MATH457,[3.7],3.7
MATH458,"[3.3, 3.7, 4.0]",3.676
MATH475,"[3.3, 3.3, 3.3, 3.3, 4.0, 3.3, 3.3]",3.4008000000000003
MATH523,"[3.3, 3.3, 3.3, 3.7]",3.46
MATH524,"[3.7, 3.3]",3.54
MATH525,"[3.7, 4.0, 4.0]",3.8920000000000003
MATH533,[3.3],3.3
MATH545,[3.0],3.0
MATH556,"[3.3, 3.0]",3.1799999999999997
MATH558,"[3.7, 4.0]",3.8200000000000003
MECH201,"[4.0, 4.0, 4.0, 4.0, 3.7, 3.7, 4.0, 4.0, 4.0, 4.0]",3.9751168
MECH210,"[3.7, 3.3, 3.3, 2.7, 3.3, 3.0, 3.0, 2.7, 3.3, 2.7, 3.3, 3.3, 3.0, 3.7, 3.0, 3.0, 3.7, 3.3, 3.7]",3.4791913574034576
MECH220,"[2.3, 2.0, 2.0, 2.0, 2.3, 3.0, 2.3, 3.0, 2.3, 2.3, 3.0, 2.7, 3.3, 3.7, 2.7, 2.3, 2.3, 2.3, 2.3]",2.3933968444808755
MECH240,"[3.0, 2.7, 3.0, 2.7, 3.0, 2.3, 3.0, 2.3, 3.3, 4.0, 3.0, 2.0, 2.7, 3.0, 3.0]",2.8958506723246082
MECH261,"[3.7, 3.3, 3.3, 3.0, 3.0, 3.3, 3.3, 3.3, 3.3, 3.3]",3.2891011584000003
MECH262,"[2.7, 3.3, 3.7, 3.7, 3.3, 3.3, 3.0, 3.3, 3.3, 3.3, 3.0, 3.0, 3.3, 3.3, 3.3, 3.0, 3.3, 3.3]",3.247505743836218
MECH289,"[3.7, 3.7, 3.7, 3.7, 3.7, 3.7, 3.7, 3.7, 4.0, 3.7, 3.7, 3.7, 4.0, 3.7, 4.0]",3.86879872
MECH290,"[3.7, 3.7, 4.0, 4.0, 3.7, 3.7, 3.7, 3.3, 4.0, 3.3, 3.7, 4.0, 3.7, 3.7, 3.7, 3.7, 4.0]",3.825506097165107
MECH292,"[4.0, 4.0, 3.3, 4.0, 4.0, 4.0, 3.7, 4.0, 4.0, 4.0, 4.0, 4.0, 4.0, 3.7]",3.8756249362432005
MECH309,"[2.7, 2.3, 2.3, 2.7, 2.7, 3.0, 2.7, 3.0, 3.3, 3.0, 3.0, 2.3, 2.7, 2.0]",2.42921989873664
MECH314,"[3.3, 3.0, 3.0, 3.3, 3.0, 3.0, 2.7, 3.3, 2.7, 3.3, 3.7, 3.7, 3.7, 3.3, 3.3, 3.3]",3.357188773055693
MECH315,"[3.3, 2.7, 3.0, 3.0, 3.3, 3.0, 2.3, 3.0, 3.7, 3.3, 2.3, 2.3, 3.0, 2.7]",2.74954652246016
MECH321,"[3.7, 3.7, 3.7, 3.0, 3.3, 3.0, 3.3, 3.0, 3.7, 3.3, 3.3, 3.0, 3.3, 3.0]",3.142352934912
MECH331,"[2.7, 3.0, 3.0, 2.7, 3.0, 2.7, 3.3, 3.0, 3.3, 3.7, 3.7, 3.3, 3.3, 2.7]",3.1015254778675203
MECH341,"[3.7, 3.3, 3.0, 3.0, 3.3, 3.0, 3.3, 3.0, 3.3, 3.7, 3.3, 3.0, 3.0, 2.7]",2.95728321798144
MECH346,"[3.3, 3.3, 3.0, 3.7, 3.0, 3.3, 2.7, 3.3, 3.7, 4.0, 3.0, 3.7, 3.3, 3.0]",3.2530139148288004
MECH360,"[3.3, 3.7, 3.7, 3.3, 3.7, 3.7, 3.3, 3.7, 3.3, 3.7, 3.3, 3.7, 3.3, 3.7, 3.3, 3.3]",3.3903706334724095
MECH362,"[4.0, 4.0, 4.0, 4.0, 4.0, 4.0, 4.0]",4.0
MECH383,"[3.3, 3.3, 3.0, 3.3, 3.3, 3.3, 2.7, 3.0, 3.7, 3.7, 3.7, 3.3, 3.3, 3.3]",3.3549850595328
MECH393,"[3.3, 3.7, 3.3, 3.7, 3.7, 3.7, 3.3, 3.7, 3.0, 3.3, 3.3]",3.3173579673599995
MECH412,"[3.0, 3.0, 2.7, 3.0, 3.0, 3.3, 3.3, 2.7, 2.3]",2.7115212799999995
MECH430,"[3.0, 3.3, 3.3, 3.0, 3.0, 3.3, 3.3, 3.3, 3.7, 2.7, 2.7, 3.3]",3.097696837632
MECH447,[3.7],3.7
MECH463D2,"[3.7, 4.0, 3.7, 4.0, 4.0, 4.0]",3.950752
MECH497,[4.0],4.0
MECH500,[3.7],3.7
MECH530,"[3.7, 3.7, 4.0]",3.8200000000000003
MECH532,"[3.3, 3.3]",3.3
MECH533,"[3.3, 3.3, 3.3]",3.3
MECH535,"[3.3, 3.0, 3.3]",3.2279999999999998
MECH536,"[3.3, 3.3]",3.3
MECH539,[3.7],3.7
MECH542,"[3.7, 4.0, 3.7, 3.7]",3.7432
MECH547,"[4.0, 3.7]",3.88
MECH559,[3.7],3.7
MECH560,"[3.7, 3.7]",3.7
MECH563,"[4.0, 4.0, 3.3]",3.7199999999999998
MECH565,[4.0],4.0
MECH572,"[3.0, 3.3]",3.12
MECH579,[3.7],3.7
MGCR211,"[2.3, 3.0, 2.7, 3.0, 2.7, 3.0, 2.7, 3.0, 3.0, 3.3, 3.0, 3.3, 3.7, 3.7, 3.7, 3.3, 3.3, 3.0, 3.3, 3.0]",3.1586117036125243
MGCR222,"[3.0, 3.0, 3.3, 3.3, 3.3, 3.0, 3.3, 3.3, 3.0, 3.0, 3.0, 3.0, 3.3, 3.3, 3.3, 3.3, 3.3, 3.3, 3.3, 3.3, 3.3, 3.3]",3.2983762854180787
MGCR271,"[3.0, 2.3, 3.0, 3.3, 3.3, 3.0, 3.0, 3.3, 3.0, 3.3, 3.3, 3.3, 3.0, 3.7, 3.3, 3.3, 3.3, 3.3, 3.3, 3.3, 3.3]",3.3020042336648947
MGCR293,"[3.0, 3.0, 3.0, 2.7, 3.0, 3.0, 3.0, 3.0, 3.0, 3.3, 3.3, 3.7, 3.3, 3.3, 3.3, 3.3]",3.3120767061196794
MGCR331,"[3.0, 3.3, 3.0, 3.3, 3.0, 3.3, 3.0, 3.3, 3.3, 3.3, 3.3, 3.7, 3.7, 3.3, 3.3, 3.3, 3.3, 3.3, 3.3]",3.3115243638168748
MGCR341,"[3.0, 3.0, 3.0, 3.0, 3.0, 3.3, 3.0, 3.3, 3.3, 3.0, 3.3, 3.0, 3.0, 3.3, 3.0, 3.3, 3.3, 3.7, 3.7, 3.3, 3.0, 3.3, 3.3, 3.0, 3.3]",3.2231688218112184
MGCR352,"[3.3, 3.0, 3.3, 3.0, 3.0, 3.3, 3.3, 3.3, 3.3, 3.3, 3.3, 3.3, 3.3, 3.3, 3.7, 3.3, 3.3, 3.3, 3.3, 3.3, 3.3, 3.3, 3.3]",3.3026652536542427
MGCR360,"[3.0, 3.3, 3.3, 3.3, 3.3, 3.3, 3.3, 3.3, 3.3, 3.3, 3.3, 3.3, 3.3, 3.3]",3.29960817917952
MGCR382,"[3.3, 3.0, 3.3, 3.3, 3.3, 3.3, 3.3, 3.3, 3.3, 3.3, 3.7, 3.3, 3.3, 3.0, 3.3, 3.3, 3.3, 3.3]",3.2888931226811104
MGCR423,"[3.3, 3.3, 3.0, 3.3, 3.3, 3.3, 3.3, 3.3, 3.3, 3.3, 3.3, 3.3, 3.7, 3.3, 3.3, 3.3, 3.3]",3.3206419630030846
MGCR472,"[3.3, 3.3, 3.3, 3.3, 3.0, 3.3, 3.3, 3.3, 3.3, 3.7, 3.7, 3.3, 3.3, 3.7, 3.3, 3.3, 3.7, 3.3]",3.4237456332718077
MGPO362,"[3.3, 3.3, 3.3, 3.7, 3.3, 3.3, 3.3, 3.3]",3.320736
MGPO364,"[3.3, 3.3, 3.3]",3.3
MGPO365,"[3.3, 3.3]",3.3
MGPO383,[3.7],3.7
MGPO435,"[3.3, 3.3]",3.3
MGPO438,"[3.7, 3.3, 3.3, 3.3, 3.3, 3.3, 3.3, 3.3, 3.3, 3.3]",3.3040310784000004
MGPO440,"[3.0, 3.3, 3.3, 3.3]",3.2352
MGPO460,"[3.0, 3.3]",3.12
MGPO469,"[3.3, 3.3]",3.3
MGPO470,"[3.3, 3.3, 3.7]",3.46
MGPO475,[3.3],3.3
MGSC372,"[3.3, 3.3, 3.3, 3.3, 3.0, 3.3, 3.3, 3.7, 3.7, 3.3, 3.0, 3.3, 3.3, 3.3]",3.29277723648
MGSC373,"[3.0, 3.3, 3.3, 3.7]",3.3952
MGSC401,"[3.3, 3.7]",3.46
MGSC404,[3.3],3.3
MICR331,[3.0],3.0
MICR338,[3.3],3.3
MICR341,[3.7],3.7
MIME203,[3.3],3.3
MIME209,"[3.0, 2.7, 3.0, 3.0, 3.3, 2.7]",2.936448
MIME212,"[2.7, 2.7, 3.0, 3.0, 2.7, 3.0, 3.0]",2.933472
MIME250,"[3.0, 3.3, 3.3, 3.0, 3.3, 3.7, 3.3, 3.3, 3.3]",3.3201899519999998
MIME260,"[3.0, 3.7, 3.3, 3.3, 3.3, 3.0, 3.3, 3.3, 3.0, 3.3, 2.7, 3.3, 3.3, 3.0, 3.3, 3.0, 3.3]",3.1884222606331085
MIME261,"[3.3, 3.3, 3.3, 3.3, 3.3, 3.3, 3.3, 3.3, 3.3]",3.3
MIME262,"[3.3, 3.0, 3.0, 2.7, 3.0, 2.7, 3.0, 2.7, 3.3, 2.7, 3.7, 3.0, 3.3]",3.1971852791808004
MIME311,"[3.0, 2.7, 3.0]",2.928
MIME317,"[3.3, 3.0, 3.0, 3.3, 3.0]",3.11088
MIME320,"[3.7, 3.7]",3.7
MIME322,"[3.3, 3.3]",3.3
MIME323,"[3.3, 3.7]",3.46
MIME325,"[3.0, 3.3]",3.12
MIME333,"[3.3, 3.0]",3.1799999999999997
MIME341,"[2.7, 2.7, 3.7, 2.7, 3.0, 3.3, 3.0, 3.0]",3.0354240000000003
MIME345,"[3.3, 3.3, 3.3, 3.3, 3.7, 3.3, 2.7]",3.1176
MIME350,"[2.7, 2.7, 3.3, 3.0, 3.3, 3.0, 3.3]",3.155424
MIME352,"[3.0, 3.3]",3.12
MIME356,"[3.3, 3.0, 3.0, 2.7, 3.3, 2.7]",2.9321279999999996
MIME360,"[3.0, 3.0, 3.0, 3.0, 2.7]",2.88
MIME362,"[3.3, 3.3, 3.0]",3.1799999999999997
MIME422,[3.3],3.3
MIME442,[2.7],2.7
MIME452,"[3.7, 3.3, 3.7]",3.604
MIME455,"[3.0, 3.3, 3.3, 3.3]",3.2352
MIME456,"[3.7, 3.3, 3.0]",3.3240000000000003
MIME465,"[3.0, 3.3, 3.0]",3.072
MIME467,"[3.0, 2.7, 2.7, 3.0, 3.0, 2.7]",2.838528
MIME470,"[3.3, 3.3, 3.3, 3.3]",3.3
MIME473,"[3.3, 3.3, 3.3, 3.3]",3.3
MIME565,"[3.7, 3.7, 3.7]",3.7
MIMM211,"[3.3, 3.3, 3.7, 3.7, 3.7, 4.0, 3.3, 3.7]",3.6285376000000005
MIMM212,"[4.0, 4.0, 4.0, 4.0, 4.0, 4.0, 4.0, 4.0]",4.0
MIMM214,"[3.3, 3.3, 3.7, 3.7, 3.7, 3.7, 4.0, 3.7]",3.7533376
MIMM301,"[4.0, 4.0, 4.0, 4.0]",4.0
MIMM314,"[3.0, 3.3, 3.3, 3.0, 3.7, 3.0, 3.0]",3.1256832
MIMM323,"[3.7, 3.7, 3.7, 3.7, 4.0, 4.0, 3.7]",3.8152
MIMM324,"[3.0, 3.3, 3.3, 3.3, 4.0, 3.3, 3.3]",3.3868032
MIMM384,"[3.7, 3.7, 3.7, 3.3, 4.0, 3.7, 3.7]",3.70864
MIMM385,"[3.7, 4.0, 4.0, 4.0, 3.7, 4.0]",3.904672
MIMM387,"[3.7, 3.7, 3.7, 3.3, 4.0, 3.7]",3.7144000000000004
MIMM413,"[3.7, 3.7, 4.0, 3.7, 3.7]",3.7432
MIMM414,"[4.0, 4.0, 4.0, 4.0, 3.7]",3.88
MIMM465,"[3.7, 4.0, 4.0, 4.0, 4.0]",3.96112
MIMM466,"[3.7, 3.7, 3.7]",3.7
MRKT354,"[3.3, 3.3, 3.3, 3.0, 3.3, 3.7, 3.3, 3.3, 3.3]",3.3252287999999997
MRKT355,[3.3],3.3
MRKT357,[3.3],3.3
MRKT365,[3.3],3.3
MRKT434,"[3.7, 3.7]",3.7
MRKT438,"[3.3, 3.3, 3.3, 3.3, 3.3, 3.3, 3.3]",3.3
MRKT440,[3.3],3.3
MRKT451,"[3.3, 3.3, 3.3, 3.3, 3.7, 3.3]",3.396
MRKT452,"[3.3, 3.3, 3.3, 3.3, 3.3, 3.3, 3.3]",3.3
MRKT453,"[3.3, 3.3, 3.3]",3.3
MRKT455,"[3.3, 3.3]",3.3
MRKT459,"[3.3, 3.3, 3.7]",3.46
MRKT483,[3.3],3.3
MSUS401,[3.7],3.7
MSUS434,"[3.7, 3.7]",3.7
MUAR201,"[3.7, 3.7, 3.7, 3.3, 3.7, 3.7, 3.7, 3.7, 3.7, 3.7, 3.3, 3.3, 3.7, 3.7, 3.3, 3.7, 3.7, 3.7, 4.0, 4.0, 4.0, 3.7]",3.8350768403013333
MUAR211,"[3.7, 3.7, 3.3, 3.7, 3.7, 3.7, 3.7, 3.7, 3.7, 3.7, 3.7, 3.7, 3.7, 3.7, 3.3, 3.3, 3.7, 3.7, 4.0, 3.7, 3.7, 3.7, 3.7]",3.7083797885464955
MUAR374,"[3.7, 3.7]",3.7
MUAR382,[3.7],3.7
MUAR392,"[3.3, 3.7, 3.3, 3.3, 3.3, 3.3, 3.7, 3.3, 3.3, 3.7, 3.7, 3.3, 3.7, 3.7, 3.7, 4.0, 3.7, 3.7, 3.7]",3.7193977447888713
MUAR393,"[3.7, 3.7, 3.7, 3.7, 3.7, 3.3, 3.7, 3.7, 3.7, 3.7, 3.7, 3.7]",3.69253504
MUAR399,[2.7],2.7
MUEN560,"[4.0, 4.0, 4.0, 4.0]",4.0
MUEN563,[4.0],4.0
MUEN567,"[3.7, 3.7, 3.7, 3.7, 4.0]",3.8200000000000003
MUEN568,[4.0],4.0
MUEN570,[4.0],4.0
MUEN580,"[4.0, 4.0, 4.0]",4.0
MUEN590,"[4.0, 4.0, 4.0, 4.0, 4.0]",4.0
MUEN593,"[3.7, 3.7, 3.7, 3.7, 3.7, 3.7, 3.7, 4.0, 3.7, 3.7, 4.0]",3.84592
MUEN595,"[4.0, 4.0, 4.0]",4.0
MUEN597,"[4.0, 4.0, 4.0]",4.0
MUGT305,[3.7],3.7
MUHL186,"[2.7, 3.0, 3.7, 3.7, 3.3, 3.7, 3.7]",3.5739712
MUHL286,"[3.3, 3.3, 3.7, 3.7, 4.0, 3.7, 3.3]",3.5520959999999997
MUHL380,[4.0],4.0
MUHL383,[3.7],3.7
MUHL387,[3.0],3.0
MUHL392,[3.7],3.7
MUHL396,[3.7],3.7
MUIN110,"[3.7, 4.0]",3.8200000000000003
MUIN111,"[4.0, 4.0]",4.0
MUIN180,"[4.0, 4.0, 4.0, 4.0, 4.0]",4.0
MUIN181,"[4.0, 4.0, 4.0, 4.0, 4.0]",4.0
MUIN280,"[4.0, 4.0, 4.0, 4.0, 4.0, 4.0]",4.0
MUIN281,"[3.7, 4.0, 4.0]",3.8920000000000003
MUIN282,"[3.7, 4.0]",3.8200000000000003
MUIN283,[3.7],3.7
MUIN380,"[4.0, 4.0]",4.0
MUIN381,"[4.0, 4.0]",4.0
MUIN382,[3.7],3.7
MUIN480,[4.0],4.0
MUIN481,[4.0],4.0
MUJZ160,[3.7],3.7
MUJZ170,[4.0],4.0
MUJZ187,"[3.3, 3.7]",3.46
MUMT202,"[4.0, 3.7]",3.88
MUMT250,"[3.3, 3.3, 3.3]",3.3
MUMT302,[3.7],3.7
MUPD200,"[3.7, 3.3, 3.3]",3.444
MUPD201,"[3.3, 3.7]",3.46
MUPG473,[4.0],4.0
MUPG474,[4.0],4.0
MUSP140,"[4.0, 3.7, 3.7, 4.0, 3.7, 4.0]",3.886528
MUSP141,"[3.3, 3.7, 3.7, 3.7, 3.7]",3.64816
MUSP170,"[2.7, 3.3, 3.7, 3.7, 3.7, 4.0]",3.7215040000000004
MUSP171,"[3.3, 3.3, 3.7, 3.7, 3.7, 3.7]",3.64816
MUSP240,"[3.0, 3.3, 3.7, 3.7, 3.7]",3.57472
MUSP241,"[3.0, 3.3, 3.7]",3.3520000000000003
MUSR200,"[3.7, 3.7, 3.3, 3.7]",3.604
MUSR201,"[3.7, 4.0]",3.8200000000000003
MUTH150,"[3.3, 3.7, 3.7, 3.7, 3.7, 3.7, 3.7, 3.7]",3.68880256
MUTH151,"[3.3, 3.3, 3.3, 3.3, 3.7, 3.3]",3.396
MUTH250,"[2.7, 2.7, 3.0, 3.3, 2.7, 3.3, 3.3]",3.151392
MUTH251,"[3.7, 3.7, 3.7]",3.7
MUTH350,"[3.7, 3.7, 3.7]",3.7
NEUR310,"[3.0, 3.3, 3.7, 3.0, 3.0]",3.12672
NRSC221,[3.3],3.3
NRSC333,"[3.3, 3.3, 3.3, 3.3, 3.3]",3.3
NSCI200,"[3.3, 3.7, 3.7, 3.7, 3.3, 3.3, 3.7, 3.0, 3.0]",3.189985536
NSCI201,"[3.3, 3.3, 3.3, 3.7, 3.3, 4.0, 3.3, 3.3]",3.4215359999999997
NSCI300,"[3.7, 3.7, 3.7, 4.0, 3.7, 3.7]",3.7432
NSCI400D2,"[3.7, 4.0, 4.0]",3.8920000000000003
NSCI420D2,"[4.0, 4.0, 4.0]",4.0
NUR1200,"[2.7, 2.7, 2.7]",2.7
NUR1209,"[3.3, 3.3, 3.7, 3.7, 3.7, 3.3]",3.4881599999999997
NUR1210,"[3.3, 3.7, 3.7, 3.7, 3.7]",3.64816
NUR1219,[4.0],4.0
NUR1220,[3.7],3.7
NUR1221,[3.3],3.3
NUR1222,"[3.7, 3.7, 3.7, 3.7, 4.0, 4.0, 4.0]",3.9352
NUR1223,"[3.3, 3.3]",3.3
NUR1224,"[3.7, 3.7, 3.7, 4.0, 3.7, 3.7]",3.7432
NUR1225,"[3.7, 3.7, 4.0, 4.0, 4.0]",3.9352
NUR1230,"[3.7, 4.0, 3.7, 4.0, 4.0, 4.0]",3.950752
NUR1231,"[3.7, 4.0, 4.0, 3.7, 4.0]",3.88912
NUR1234,[4.0],4.0
NUR1235,"[3.7, 3.7, 3.7, 3.7, 4.0, 3.7, 3.7]",3.7432
NUR1236,"[3.7, 3.7, 4.0, 3.7, 4.0]",3.8632
NUR1239,[3.7],3.7
NUR1300,"[3.3, 3.3, 3.7, 3.3]",3.396
NUR1301,"[3.3, 4.0, 3.7]",3.628
NUR1311,"[2.7, 2.3, 2.7, 4.0, 3.7, 3.3]",3.346464
NUR1312,"[3.3, 3.3, 3.7]",3.46
NUR1318,"[4.0, 4.0]",4.0
NUR1320,"[4.0, 4.0]",4.0
NUR1322,[3.3],3.3
NUR1323,"[3.0, 3.3, 3.3, 3.7, 3.7]",3.5171200000000002
NUR1324,"[3.0, 3.0, 3.7, 3.7]",3.4480000000000004
NUR1325,"[3.3, 3.3, 3.7, 4.0]",3.676
NUR1326,"[3.7, 3.3, 4.0]",3.724
NUR1327,[4.0],4.0
NUR1329,"[3.7, 4.0, 4.0]",3.8920000000000003
NUR1331,[3.7],3.7
NUR1332,[3.7],3.7
NUR1335,"[3.7, 4.0]",3.8200000000000003
NUR1336,"[3.7, 4.0, 4.0, 4.0, 4.0]",3.96112
NUR1338,"[3.7, 4.0]",3.8200000000000003
NUR1339,[4.0],4.0
NUR1420,[3.3],3.3
NUR1422,"[3.7, 3.3, 3.3]",3.444
NUR1424,"[3.7, 3.7]",3.7
NUR1428,[3.7],3.7
NUTR200,[3.7],3.7
NUTR207,"[2.7, 2.7, 3.0, 2.7, 3.7, 3.3, 3.0]",3.123552
NUTR208,"[3.7, 4.0, 4.0, 4.0]",3.9352
NUTR209,"[3.7, 3.7, 4.0]",3.8200000000000003
NUTR214,"[3.7, 3.7, 3.3, 3.3, 4.0, 3.7, 4.0]",3.807904
NUTR217,"[3.7, 3.3]",3.54
NUTR301,"[3.7, 3.7, 3.7, 3.7, 3.7]",3.7
NUTR307,"[2.7, 2.7, 2.3, 3.7, 2.3]",2.7224000000000004
NUTR310,"[4.0, 4.0]",4.0
NUTR322,"[4.0, 4.0, 4.0, 3.7, 4.0, 4.0]",3.9568
NUTR337,"[3.0, 3.0, 3.7]",3.2800000000000002
NUTR341,"[4.0, 4.0, 4.0, 4.0, 4.0, 4.0]",4.0
NUTR342,[4.0],4.0
NUTR343,"[3.7, 3.7, 4.0]",3.8200000000000003
NUTR344,"[3.0, 3.7]",3.2800000000000002
NUTR345,"[3.7, 3.7, 3.7]",3.7
NUTR346,"[3.7, 4.0]",3.8200000000000003
NUTR408,[4.0],4.0
NUTR438,[4.0],4.0
NUTR446,"[4.0, 3.7]",3.88
NUTR450,"[4.0, 4.0, 3.7]",3.88
NUTR505,"[4.0, 4.0]",4.0
NUTR512,[3.3],3.3
NUTR545,"[3.7, 3.3]",3.54
NUTR546,"[3.7, 3.7]",3.7
OCC1245,"[3.7, 4.0, 3.7]",3.7720000000000002
OCC1443,[4.0],4.0
OCC1450,[4.0],4.0
OCC1545,[3.7],3.7
OCC1550,[3.7],3.7
ORGB321,"[3.3, 3.3, 3.7, 3.3, 3.7, 3.3]",3.43056
ORGB325,"[3.3, 3.3, 3.3, 3.3, 3.3, 3.3]",3.3
ORGB380,"[3.3, 3.3, 3.3, 3.3]",3.3
ORGB423,"[3.0, 3.0, 3.3, 3.3, 3.3, 3.7, 3.3]",3.3726719999999997
PARA410,"[3.3, 3.3, 3.7, 3.3, 3.3]",3.3575999999999997
PARA438,"[3.7, 3.7, 3.7, 4.0, 4.0, 3.3]",3.6552
PARA515,[3.7],3.7
PATH300,"[3.0, 3.0, 3.3, 3.7, 3.3, 3.0]",3.19872
PHAR200,"[4.0, 4.0, 4.0, 4.0, 3.7, 4.0, 3.7, 3.7]",3.7820800000000006
PHAR201,"[3.7, 3.7, 3.7, 3.7, 4.0, 3.7, 3.7]",3.7432
PHAR300,"[3.0, 3.0, 3.0, 3.0, 3.3, 3.7, 3.3, 3.3]",3.31872
PHAR301,"[3.3, 3.3, 3.0, 3.3, 3.7, 3.3]",3.3700799999999997
PHAR303,"[3.3, 3.3, 3.3, 3.7, 3.7, 3.7]",3.6136
PHAR503,"[3.7, 4.0, 4.0]",3.8920000000000003
PHAR504,[4.0],4.0
PHAR505,"[3.7, 3.7, 3.7]",3.7
PHAR508,"[4.0, 4.0, 4.0, 4.0]",4.0
PHAR562,"[3.7, 3.7, 3.3, 3.7, 3.7, 3.7]",3.6654400000000003
PHAR563,[3.3],3.3
PHGY209,"[3.3, 3.0, 3.0, 3.3, 3.0, 3.0, 3.3, 4.0, 3.3, 3.3]",3.3705420288
PHGY210,"[2.7, 2.7, 2.7, 2.7, 3.0, 3.0, 4.0, 3.0, 3.0]",3.1206720000000003
PHGY212,"[3.3, 3.0, 3.3, 3.3, 3.3, 3.7, 3.3, 3.7, 3.3, 3.7]",3.5363204608
PHGY213,"[3.3, 3.3, 3.0, 3.3, 3.0, 3.3, 3.7, 3.3, 3.3]",3.33644928
PHGY311,"[3.0, 3.0, 2.7, 2.7, 3.0, 3.7, 3.7, 3.7]",3.5239168000000003
PHGY312,"[3.0, 3.0, 2.7, 2.7, 3.3, 2.7]",2.88288
PHGY313,"[3.3, 3.3, 3.0, 3.3, 3.7, 3.3]",3.3700799999999997
PHGY314,"[3.3, 3.3, 3.0, 3.0, 3.3, 3.7, 3.0, 3.0]",3.1407168
PHGY425,"[4.0, 3.7]",3.88
PHGY461D2,[4.0],4.0
PHGY502,[3.7],3.7
PHGY513,[4.0],4.0
PHGY518,"[3.7, 4.0]",3.8200000000000003
PHIL200,"[3.0, 3.0, 3.3, 3.7, 3.3, 3.3, 3.3, 3.3, 3.7, 3.7]",3.5584261120000003
PHIL201,"[3.3, 3.3, 3.0, 3.0, 3.7, 4.0, 3.7, 3.3]",3.5064767999999997
PHIL202,[3.7],3.7
PHIL210,"[2.7, 2.0, 3.7, 2.7, 3.0, 3.3, 2.7, 3.3, 3.3, 3.3, 3.3, 3.0, 3.7, 3.7, 3.0, 3.0, 3.3, 3.0]",3.137070336669254
PHIL221,"[3.7, 4.0, 3.3, 3.3, 3.7, 3.3, 3.7, 4.0, 3.0, 3.3]",3.3845356032
PHIL230,"[2.7, 2.7, 2.7, 3.0, 3.3, 3.3, 3.3, 3.3]",3.237792
PHIL237,"[2.7, 3.0, 3.0, 3.3, 3.3, 3.3, 3.0, 3.0, 3.3, 3.7, 3.3, 3.3, 4.0, 3.3]",3.47829783601152
PHIL240,"[3.0, 3.0, 3.0, 3.0, 2.7, 3.7, 3.0, 3.0]",3.0748800000000003
PHIL242,"[3.0, 3.0, 2.7, 3.0, 3.3, 3.7, 3.3, 3.0]",3.1893888000000006
PHIL306,"[3.0, 3.0, 3.3, 3.3, 3.7, 3.0, 3.3, 3.7, 3.7]",3.54241792
PHIL310,"[3.7, 3.3, 3.7]",3.604
PHIL311,[3.3],3.3
PHIL327,"[3.3, 3.0]",3.1799999999999997
PHIL334,"[3.0, 3.0, 3.0, 3.0, 3.7, 3.3, 3.3]",3.2928
PHIL336,[3.0],3.0
PHIL341,"[3.3, 3.7, 3.3, 3.7, 3.7, 3.3]",3.474336
PHIL343,"[2.7, 3.0, 3.0, 3.0, 3.7, 3.3, 2.7]",3.0388032000000003
PHIL345,"[3.0, 3.0]",3.0
PHIL348,"[3.0, 3.3, 3.3, 3.0, 3.0, 3.3]",3.161472
PHIL353,"[3.3, 3.3, 3.7, 3.3, 3.3]",3.3575999999999997
PHIL354,"[3.0, 3.0, 2.7, 3.0]",2.928
PHIL355,"[3.0, 3.3, 3.3, 3.0, 3.3]",3.18912
PHIL360,"[3.0, 2.7, 3.3, 3.3, 3.7, 3.0]",3.221568
PHIL361,"[3.0, 3.3]",3.12
PHIL367,"[3.3, 2.3, 3.7]",3.2199999999999998
PHIL375,"[3.0, 3.0, 3.0, 3.3, 3.3, 3.0, 3.3, 3.0, 3.3, 3.3, 2.3, 3.3, 3.3]",3.1414955827199997
PHIL415,"[3.3, 3.3]",3.3
PHIL419,"[2.7, 3.7]",3.1000000000000005
PHIL421,[3.3],3.3
PHIL427,[3.7],3.7
PHIL436,[3.3],3.3
PHIL442,[3.3],3.3
PHIL444,[3.3],3.3
PHIL445,[3.3],3.3
PHIL453,[3.3],3.3
PHIL454,"[3.7, 3.7, 3.7, 3.3]",3.54
PHIL460,"[3.3, 3.3]",3.3
PHIL474,"[3.3, 3.7, 3.7]",3.556
PHIL475,[3.7],3.7
PHIL480,[3.0],3.0
PHIL481,[4.0],4.0
PHTH245,"[3.7, 3.7, 3.7, 3.7, 3.7, 3.7, 4.0]",3.8200000000000003
PHTH440,"[4.0, 3.7]",3.88
PHTH450,[4.0],4.0
PHTH550,[3.7],3.7
PHTH551,[3.7],3.7
PHTH552,[3.3],3.3
PHTH560,[3.3],3.3
PHTH561,[3.7],3.7
PHYS101,"[3.3, 3.0, 3.3, 3.3, 3.3, 3.3, 3.3, 3.3, 4.0, 3.3, 3.3]",3.39959067648
PHYS102,"[3.0, 3.3, 3.3, 3.3, 3.7, 3.7, 3.7, 4.0, 3.7, 3.7]",3.7215142912
PHYS131,"[2.7, 3.0, 3.0, 3.0, 3.0, 3.0, 3.3, 3.0, 3.7, 3.3, 3.3]",3.30653801472
PHYS142,"[3.0, 2.7, 3.3, 3.3, 3.7, 3.7, 3.3, 4.0, 3.7, 3.3]",3.5229232128000003
PHYS180,"[3.0, 3.7, 3.3, 3.7, 3.7, 3.3, 3.3, 4.0, 3.3, 3.0]",3.3003706368
PHYS181,"[3.0, 4.0, 3.7, 4.0, 3.7, 3.3, 3.7]",3.606592
PHYS182,"[3.3, 3.0, 3.7, 3.3, 3.7, 3.3]",3.4150080000000003
PHYS183,"[3.3, 3.3, 3.7, 3.7, 3.3, 3.3, 3.3, 3.3, 3.3, 3.7]",3.4719439359999997
PHYS186,"[3.3, 3.7, 4.0, 3.7]",3.6856
PHYS214,"[3.3, 3.3, 3.0, 3.3]",3.2279999999999998
PHYS224,"[3.0, 3.3, 3.3, 3.3, 3.7, 3.3, 3.7, 3.7, 3.7, 3.7]",3.6575782912
PHYS230,"[2.7, 3.3, 3.3, 3.3, 3.3, 3.7, 3.3, 3.3]",3.3408038400000004
PHYS232,"[2.7, 3.0, 4.0, 3.7, 3.7, 3.7, 3.3]",3.4871232
PHYS241,"[2.7, 3.0, 3.3, 3.3, 3.7, 3.3, 3.0]",3.2002752
PHYS242,"[3.3, 3.0, 3.7, 3.3]",3.3528000000000002
PHYS251,"[3.3, 3.3, 3.3, 3.3, 3.3, 3.3, 3.3, 3.3]",3.3
PHYS253,"[3.7, 3.7, 3.7, 3.7, 3.7, 4.0, 3.7, 2.7]",3.3432
PHYS257,"[3.3, 3.3, 3.7, 3.7, 3.7, 3.7, 3.7, 3.7]",3.6813376
PHYS258,"[3.3, 3.7, 3.7, 3.7, 3.7, 3.7, 4.0]",3.8013376
PHYS260,"[3.3, 3.3, 3.3, 3.7, 3.7, 3.7, 3.7, 3.7]",3.668896
PHYS271,"[3.0, 3.0, 3.3]",3.12
PHYS319,"[3.7, 3.7, 3.7]",3.7
PHYS320,"[4.0, 3.7, 4.0]",3.928
PHYS321,[4.0],4.0
PHYS328,"[3.7, 3.7, 3.0]",3.4200000000000004
PHYS331,"[3.3, 4.0, 3.7, 3.3]",3.4968000000000004
PHYS333,"[3.3, 3.3, 3.7]",3.46
PHYS339,"[3.7, 3.7, 3.7, 3.7]",3.7
PHYS340,"[3.0, 3.0, 3.0, 3.3, 3.7, 3.3, 3.3]",3.31872
PHYS342,"[3.3, 3.3, 4.0, 3.7, 3.3]",3.4968000000000004
PHYS346,"[3.7, 3.3, 3.3]",3.444
PHYS350,"[3.0, 3.3, 3.7, 3.7, 4.0, 3.3, 3.7]",3.6020992000000005
PHYS351,"[3.7, 3.7, 3.7, 3.7, 3.3]",3.54
PHYS352,"[3.7, 3.3, 3.7, 4.0, 3.3]",3.57744
PHYS357,"[3.7, 3.3, 3.3, 3.3, 4.0, 3.7, 3.3]",3.5154623999999997
PHYS359,"[3.7, 3.7, 4.0, 3.7, 3.7]",3.7432
PHYS362,"[3.3, 3.3, 3.7, 3.7, 4.0, 3.3, 3.7]",3.6160959999999998
PHYS434,"[3.0, 3.3]",3.12
PHYS439,[3.7],3.7
PHYS446,"[3.0, 3.7, 3.7]",3.4480000000000004
PHYS447,[3.3],3.3
PHYS457,"[3.3, 3.0, 3.7, 3.3, 3.7, 3.3, 3.7]",3.5290048
PHYS512,"[3.7, 3.7]",3.7
PHYS514,"[3.3, 3.7, 4.0, 3.7]",3.6856
PHYS519,"[3.7, 3.3]",3.54
PHYS521,"[3.7, 3.3, 3.3, 4.0]",3.6664
PHYS534,[4.0],4.0
PHYS551,"[4.0, 3.3, 3.7]",3.7119999999999997
PHYS557,[3.7],3.7
PHYS559,[3.3],3.3
PHYS567,[3.7],3.7
PLNT300,"[3.7, 3.3]",3.54
PLNT358,"[3.3, 3.3, 3.3]",3.3
POLI200,"[3.3, 3.3, 3.3, 3.3, 3.0, 3.0]",3.1079999999999997
POLI210,"[3.0, 3.3, 3.0, 3.3, 3.3, 3.0, 3.0, 3.3, 3.3, 3.7, 3.3]",3.36728727552
POLI211,[2.7],2.7
POLI212,"[3.0, 3.0, 3.0, 3.3, 3.3, 3.0]",3.1152
POLI221,"[3.0, 2.7, 3.0, 3.0, 3.0, 3.0, 3.3, 3.0, 3.3, 3.3]",3.2159044608
POLI222,"[3.3, 3.0, 3.0, 3.0, 3.0, 2.7, 3.3, 3.3, 2.7]",2.9743188480000002
POLI226,"[3.0, 3.3, 3.0, 3.3, 3.3]",3.21792
POLI227,"[3.3, 3.3, 3.0, 3.0, 3.3, 3.3, 3.3, 3.3, 3.3]",3.28507008
POLI231,"[3.0, 3.0, 3.0, 2.7, 3.0, 3.0, 3.3, 3.0, 3.3, 3.0, 3.0, 3.0, 3.3, 3.0, 3.0, 3.0, 3.0]",3.0181364049838084
POLI232,"[3.0, 3.0]",3.0
POLI243,"[3.3, 3.0, 3.3, 3.0, 3.0, 3.0, 3.3, 3.3, 3.3, 3.3]",3.2675025408
POLI244,"[3.3, 3.0, 3.0, 3.3, 3.0, 3.0, 3.0, 3.0, 3.0, 3.7, 3.3, 3.3, 3.3, 3.3, 2.7, 3.0]",3.035469149375693
POLI311,"[3.3, 3.3, 3.7, 3.7, 3.7, 3.3, 3.7]",3.572896
POLI313,"[3.7, 3.7, 3.3]",3.54
POLI318,"[3.3, 3.3, 3.3, 3.3, 3.0, 3.3]",3.2279999999999998
POLI319,"[3.3, 3.3, 3.3, 3.0, 3.3, 3.3, 3.3, 3.3]",3.2844480000000003
POLI320,"[3.7, 3.3]",3.54
POLI321,"[3.3, 3.3, 3.0, 3.3]",3.2279999999999998
POLI322,"[3.0, 3.0]",3.0
POLI324,"[3.0, 3.3, 3.3, 3.3, 3.3]",3.26112
POLI325,"[2.7, 2.7, 2.7, 3.7, 3.3, 3.3]",3.2280000000000006
POLI327,"[3.0, 3.0, 3.3]",3.12
POLI328,"[3.0, 3.3, 3.3]",3.192
POLI329,"[3.3, 3.3]",3.3
POLI330,"[3.3, 3.3, 3.7]",3.46
POLI331,[3.7],3.7
POLI333,"[3.0, 3.3, 3.3, 3.3, 3.7, 3.3, 3.3]",3.3436031999999996
POLI339,"[3.3, 3.3, 3.3]",3.3
POLI340,"[3.3, 3.3, 3.0, 3.0, 3.3, 3.3, 3.0]",3.138528
POLI341,"[3.3, 3.7, 3.3]",3.396
POLI342,"[3.3, 3.3, 3.3]",3.3
POLI345,"[3.3, 3.3, 3.0, 3.3, 3.3, 3.3]",3.27408
POLI346,"[3.3, 3.3, 3.0, 3.0, 3.3, 3.3, 3.3, 3.3]",3.2751168
POLI347,"[3.3, 3.3, 3.0, 3.3, 3.3, 3.3]",3.27408
POLI348,"[3.3, 3.3]",3.3
POLI349,"[3.0, 3.3]",3.12
POLI350,"[3.3, 3.3]",3.3
POLI351,[3.3],3.3
POLI352,"[3.3, 3.0, 3.3, 3.3, 3.3]",3.27408
POLI353,"[3.7, 3.3, 3.7]",3.604
POLI354,"[3.3, 3.3]",3.3
POLI355,"[3.7, 3.3, 3.3, 3.0]",3.2664
POLI357,"[3.7, 3.3]",3.54
POLI358,"[3.3, 3.3, 3.3, 3.7]",3.46
POLI359,"[3.3, 3.3, 3.3, 3.3, 3.3, 3.3]",3.3
POLI360,"[3.3, 3.3, 3.3, 3.3, 3.3, 3.0]",3.1799999999999997
POLI361,"[3.3, 3.0, 3.7]",3.388
POLI362,"[3.0, 3.0, 2.7, 3.0, 3.0]",2.9568000000000003
POLI363,"[3.0, 2.7]",2.88
POLI364,"[3.0, 3.0, 3.0, 3.0, 3.3, 3.0, 2.7]",2.9232
POLI365,"[2.7, 2.7, 3.0]",2.8200000000000003
POLI366,"[3.0, 3.0, 3.0, 3.3]",3.12
POLI367,"[3.0, 3.3, 3.3]",3.192
POLI369,"[3.3, 3.3, 3.0]",3.1799999999999997
POLI371,"[3.0, 3.0]",3.0
POLI372,"[3.0, 3.0, 3.0, 3.0, 3.0]",3.0
POLI378,"[3.0, 3.7, 3.3]",3.2880000000000003
POLI379,"[3.0, 3.3, 3.3]",3.192
POLI380,"[2.7, 3.3, 3.3, 3.0, 3.3]",3.15024
POLI381,"[3.0, 3.0, 3.0]",3.0
POLI410,"[3.0, 3.3, 3.3, 3.7]",3.3952
POLI412,"[3.0, 3.3, 3.3]",3.192
POLI419,[3.3],3.3
POLI422,[3.3],3.3
POLI423,[3.3],3.3
POLI425,[3.0],3.0
POLI426,[3.0],3.0
POLI427,[3.7],3.7
POLI431,[3.3],3.3
POLI432,"[3.7, 3.7]",3.7
POLI433,"[3.7, 2.7]",3.3000000000000003
POLI435,"[3.0, 3.3, 3.3]",3.192
POLI437,"[3.0, 3.0]",3.0
POLI441,"[3.3, 3.3, 3.3, 3.0, 3.7]",3.388
POLI444,"[3.3, 3.0, 3.3, 3.3, 3.7, 3.7]",3.5404480000000005
POLI445,"[3.3, 3.3, 3.3, 3.3, 3.3]",3.3
POLI446,[3.3],3.3
POLI448,[3.3],3.3
POLI449,"[3.3, 3.3, 3.3]",3.3
POLI450,"[3.0, 3.3, 3.3]",3.192
POLI451,"[3.0, 3.3]",3.12
POLI452,[3.7],3.7
POLI470,[3.3],3.3
POLI473,[3.3],3.3
POLI474,[3.3],3.3
POLI476,"[3.3, 3.3]",3.3
POTH204,"[4.0, 4.0, 4.0, 4.0, 3.7]",3.88
POTH225,"[3.7, 4.0, 4.0, 3.7, 3.7]",3.76912
POTH250,"[4.0, 3.7, 3.3, 3.7, 4.0]",3.80128
POTH401,"[4.0, 4.0]",4.0
POTH434,"[3.3, 3.0]",3.1799999999999997
POTH455,"[3.7, 4.0, 3.7]",3.7720000000000002
POTH563,"[4.0, 4.0]",4.0
PPHS501,"[4.0, 4.0, 4.0, 4.0]",4.0
PPHS511,"[4.0, 3.7, 3.7, 4.0, 3.7, 4.0, 4.0, 4.0]",3.95915008
PPHS529,[4.0],4.0
PROC124,"[3.0, 3.0, 3.0, 3.0, 3.0, 3.0, 3.0, 3.0, 3.0]",3.0
PROC124D2,[3.0],3.0
PROC200,"[3.0, 3.3]",3.12
PRV3200,[3.0],3.0
PRV3534,"[3.0, 3.0]",3.0
PRV4548,[3.0],3.0
PRV4549,[3.0],3.0
PSYC100,"[3.0, 3.3, 3.0, 3.3, 3.0, 3.0, 3.0, 3.3, 3.0, 3.3, 2.7, 3.3, 3.0, 3.7, 3.3, 3.3, 3.3]",3.3041941860463417
PSYC204,"[3.0, 2.7, 3.0, 3.0, 3.3, 2.7, 3.3, 3.3, 3.7, 3.7, 3.3, 3.7, 3.3, 3.0, 3.3, 3.3, 3.3, 3.7, 3.7, 3.7, 3.7, 3.3, 3.7, 4.0, 3.3, 3.7]",3.6223560187587323
PSYC211,"[3.0, 3.0, 3.0, 3.0, 3.0, 3.0, 3.7, 3.0, 3.0, 3.7, 3.0, 4.0, 2.7, 2.3, 3.0]",2.9016757248000005
PSYC212,"[3.0, 3.0, 2.7, 3.0, 3.3, 3.3, 3.3, 3.3, 3.7, 3.7, 3.7, 3.3]",3.4819118284800004
PSYC213,"[3.0, 3.0, 3.3, 3.3, 3.0, 3.0, 3.0, 3.7, 3.7, 3.7, 3.3, 3.7, 3.3]",3.451675717632
PSYC215,"[3.3, 2.3, 2.7, 3.0, 2.7, 3.0, 3.0, 3.3, 3.0, 3.0, 3.0, 3.3, 3.0, 3.3, 3.3, 3.0, 3.3, 3.7, 3.3, 3.7, 3.7, 2.7]",3.2265023218422617
PSYC301,"[3.3, 2.7, 2.7]",2.9159999999999995
PSYC302,"[3.3, 3.0, 3.7, 3.0, 3.0]",3.1396800000000002
PSYC304,"[3.3, 3.7, 3.7, 3.3, 3.7, 3.3, 4.0, 3.7, 3.7, 3.0, 3.7, 3.7]",3.5969276661760006
PSYC305,"[3.3, 3.7, 3.3, 3.3, 3.3, 3.3, 3.3, 3.7, 3.3, 3.3, 3.0, 3.0, 3.3, 3.3, 3.7, 3.7, 3.7, 3.7, 3.7, 3.7, 3.7, 4.0, 3.3]",3.6073510907621147
PSYC306,[3.3],3.3
PSYC310,"[3.3, 3.7, 3.3, 3.3, 3.7, 3.3]",3.416736
PSYC311,"[3.3, 3.3, 3.3, 3.3, 3.3, 3.3, 3.3, 2.7, 3.3, 3.3, 3.3, 3.3, 3.0, 3.0, 3.0]",3.058081536
PSYC315,"[3.3, 3.3, 3.3, 3.3, 3.7, 3.7, 3.7, 4.0]",3.76816
PSYC317,[3.0],3.0
PSYC318,"[3.3, 3.3, 3.0, 3.3, 3.3, 2.7, 3.0]",3.020448
PSYC319,"[3.7, 3.7, 4.0]",3.8200000000000003
PSYC328,"[3.7, 3.7, 3.7, 3.3, 3.7, 3.7, 3.3, 3.7]",3.583264
PSYC331,"[3.3, 3.3, 3.3]",3.3
PSYC332,"[3.3, 3.3, 3.3, 3.3, 3.3, 3.3, 3.7, 3.7, 3.3, 3.3]",3.3921599999999996
PSYC333,"[3.0, 3.0, 3.0, 3.0, 3.3, 3.3]",3.192
PSYC337,"[3.0, 3.0, 3.0, 3.3, 3.3, 3.7, 3.0, 3.0]",3.142272
PSYC338,"[3.3, 3.0]",3.1799999999999997
PSYC341,[3.0],3.0
PSYC342,"[3.3, 3.3, 3.3, 3.3, 3.3, 3.0, 3.7, 3.7, 3.7]",3.5876800000000006
PSYC380D2,"[4.0, 4.0, 4.0, 4.0]",4.0
PSYC403,"[3.3, 3.0, 3.3, 3.0, 3.3, 3.7, 3.3, 3.0]",3.21644928
PSYC406,"[3.3, 3.3, 3.7, 3.3, 3.3, 3.7, 3.7, 3.0]",3.3460416000000004
PSYC408,"[3.7, 3.3]",3.54
PSYC410,"[3.7, 3.7, 3.3, 3.7, 3.3]",3.4824
PSYC412,"[3.3, 3.3, 3.3, 3.3, 3.7, 4.0, 3.7]",3.6856
PSYC413,[3.3],3.3
PSYC427,"[3.7, 3.7]",3.7
PSYC433,"[3.7, 3.3, 3.7, 3.0, 3.3]",3.33744
PSYC436,"[3.0, 3.3, 3.7, 3.0]",3.2112000000000003
PSYC439,[4.0],4.0
PSYC443,[3.7],3.7
PSYC444,"[3.3, 3.7, 4.0, 3.7, 3.7]",3.6913600000000004
PSYC471,"[3.3, 3.3, 3.3, 3.3, 3.3, 3.7, 3.3]",3.396
PSYC473,"[3.0, 3.3]",3.12
PSYC474,[3.0],3.0
PSYC475,[3.3],3.3
PSYC482,"[4.0, 4.0]",4.0
PSYC513,"[4.0, 3.7]",3.88
PSYC514,[4.0],4.0
PSYC526,"[3.0, 3.7]",3.2800000000000002
PSYC529,[3.7],3.7
PSYC532,[3.3],3.3
PSYC538,"[3.7, 4.0, 3.7, 4.0, 4.0]",3.91792
PSYT199,"[3.7, 3.7, 4.0, 4.0, 4.0, 3.7, 4.0]",3.904672
PSYT301,"[3.3, 3.0, 3.3, 3.7]",3.4168000000000003
PSYT500,"[4.0, 3.7, 3.7]",3.808
PUB2101D2,"[3.0, 3.0, 3.0, 3.0, 3.0, 3.0]",3.0
PUB2105,[3.0],3.0
PUB2313,"[3.3, 3.0, 3.0, 3.0]",3.0648
PUB2401,"[3.0, 3.3, 3.0, 3.0]",3.0432
PUB2501,[3.0],3.0
PUB2505,[3.0],3.0
PUB3116,"[3.0, 3.0, 3.0]",3.0
PUB3116D2,"[3.0, 3.0, 3.0]",3.0
QCST200,"[3.3, 3.0, 3.3, 3.0]",3.1368
REDM400,[4.0],4.0
RELG201,"[3.3, 3.3, 3.7, 3.7, 3.3, 3.7, 3.7]",3.6112960000000003
RELG202,"[4.0, 3.7, 4.0, 4.0, 3.7, 3.3]",3.632448
RELG203,"[3.3, 3.3, 3.0, 3.3, 3.3, 3.7, 3.7, 3.3, 3.7, 3.7, 3.7]",3.6447620607999998
RELG204,"[2.7, 3.0, 3.0, 3.3, 3.7, 3.7, 3.7, 4.0]",3.7364339200000005
RELG205,[3.3],3.3
RELG207,"[3.7, 3.7, 3.3, 3.7, 3.0, 3.3, 3.3, 3.3, 3.3]",3.30808704
RELG208,"[3.7, 2.7, 3.3, 3.3, 3.3]",3.3
RELG210,"[3.3, 3.3, 3.3, 3.0, 2.7]",2.9879999999999995
RELG252,"[3.3, 3.3, 3.3, 3.3, 3.3, 3.0, 3.3, 3.3, 3.3, 3.3]",3.2844480000000003
RELG253,"[3.3, 3.3, 3.3, 3.3, 3.3, 3.3, 3.7, 3.0, 3.3]",3.2856
RELG254,"[3.3, 3.3, 3.3]",3.3
RELG255,"[3.3, 3.3]",3.3
RELG270,"[3.3, 3.3, 3.0, 3.0, 3.7, 3.7, 3.7]",3.572128
RELG271,"[3.0, 3.3, 3.3, 3.3, 3.3, 3.3, 3.3, 3.3, 3.7, 3.3, 3.7]",3.5157860147200006
RELG300,"[3.7, 4.0, 4.0, 4.0, 4.0, 4.0]",3.976672
RELG307,[4.0],4.0
RELG311,[3.7],3.7
RELG312,[2.7],2.7
RELG315,[4.0],4.0
RELG316,[3.3],3.3
RELG331,"[3.7, 3.7, 3.3, 4.0, 4.0]",3.8344
RELG338,"[3.7, 3.7]",3.7
RELG340,[3.0],3.0
RELG341,"[3.3, 3.7, 3.0]",3.2760000000000002
RELG352,"[3.3, 3.0]",3.1799999999999997
RELG353,"[3.7, 3.3, 3.7]",3.604
RELG354,[3.0],3.0
RELG356,[3.7],3.7
RELG358,"[4.0, 3.7]",3.88
RELG368,[3.7],3.7
RELG369,[3.7],3.7
RELG370,"[3.7, 3.3, 3.3, 3.7, 3.3]",3.4478400000000002
RELG372,"[3.7, 3.7]",3.7
RELG375,"[3.7, 3.7, 4.0, 4.0, 4.0]",3.9352
RELG451,[3.7],3.7
RETL402,"[3.3, 3.7, 3.3]",3.396
RETL407,[3.7],3.7
RUSS210,"[4.0, 3.7, 3.7, 3.7, 3.7, 4.0, 3.7, 3.7]",3.75159808
RUSS211,"[3.3, 3.7, 3.7, 3.7, 4.0, 3.7]",3.740896
RUSS217,[3.3],3.3
RUSS218,"[3.3, 3.0, 3.3, 3.0]",3.1368
RUSS223,"[3.3, 3.3, 4.0, 3.7, 3.7]",3.6568000000000005
RUSS224,"[3.3, 3.0, 3.3, 3.3, 3.3, 3.7, 3.7, 3.7]",3.60800128
RUSS229,"[4.0, 3.7, 3.7, 3.7]",3.7648
RUSS250,[3.7],3.7
RUSS310,[3.7],3.7
RUSS337,[3.3],3.3
RUSS340,[3.7],3.7
RUSS357,[3.3],3.3
RUSS382,[3.7],3.7
RUSS395,[3.7],3.7
SDST250,"[3.3, 3.0]",3.1799999999999997
SEAD550,"[3.7, 3.3]",3.54
SOCI210,"[3.3, 3.3, 3.3, 3.3, 3.3, 3.3, 3.3, 3.3, 3.0, 3.7, 3.3, 3.7, 3.3, 4.0, 3.7, 3.7, 3.3, 4.0, 3.7, 4.0]",3.8262607679488
SOCI211,"[3.0, 3.0, 3.7, 3.3, 3.7, 3.3, 3.3, 3.3, 3.0, 3.0, 3.0, 3.0, 3.7, 3.0, 3.3, 3.3, 3.7, 2.7, 3.3]",3.2045438116107388
SOCI212,"[3.7, 3.7, 3.3, 3.7, 3.7, 3.3]",3.50544
SOCI213,"[3.3, 3.3, 3.3, 4.0, 3.3, 3.3]",3.4008000000000003
SOCI219,[3.3],3.3
SOCI222,"[3.3, 3.0, 3.3, 3.7, 3.3, 3.3, 3.7, 3.3, 3.7]",3.5266823680000003
SOCI225,"[3.7, 3.7, 3.7]",3.7
SOCI227,"[3.7, 3.3, 3.7, 3.7]",3.6424000000000003
SOCI230,"[3.7, 3.0, 3.0, 3.0, 3.3, 3.3, 3.3]",3.2678592
SOCI234,"[3.3, 3.3, 3.0, 3.3, 3.7, 3.3, 3.0]",3.222048
SOCI235,"[3.0, 3.0, 3.0, 3.3, 3.3, 3.3, 3.0, 3.3, 3.0, 3.0]",3.0736819200000003
SOCI245,"[3.3, 3.3, 3.3]",3.3
SOCI247,"[3.0, 3.0, 3.0, 3.0, 3.0, 3.0, 3.0, 3.0, 3.3, 3.3, 3.3, 3.7]",3.42112
SOCI250,"[3.0, 3.3, 3.3, 3.0, 3.0, 3.7, 3.7, 3.7, 3.0]",3.338237952
SOCI254,"[3.7, 3.3, 3.3, 3.0, 3.7, 3.3]",3.3839040000000002
SOCI255,[3.7],3.7
SOCI265,"[3.3, 3.3, 3.3]",3.3
SOCI270,"[3.3, 3.3, 3.7, 3.7, 3.7, 3.7]",3.64816
SOCI304,"[2.7, 3.0, 2.7, 3.3, 2.7, 2.7]",2.801952
SOCI305,"[3.7, 3.3, 3.3, 3.3]",3.3864
SOCI307,"[3.3, 3.3, 3.7, 3.3, 3.3, 3.0]",3.21456
SOCI309,"[3.3, 4.0, 4.0, 4.0]",3.8488
SOCI310,"[3.3, 3.3, 3.3, 3.7, 3.3]",3.396
SOCI312,"[2.7, 3.3, 3.3, 3.7, 3.3, 3.7, 3.7, 3.7]",3.61753984
SOCI318,"[3.3, 3.0, 3.3, 3.3]",3.2568
SOCI321,"[2.7, 3.3]",2.9400000000000004
SOCI325,"[4.0, 4.0]",4.0
SOCI326,"[3.0, 3.0]",3.0
SOCI330,"[3.3, 3.3, 3.3, 3.3, 3.0, 3.7, 3.3, 3.3]",3.3316800000000004
SOCI331,[3.3],3.3
SOCI333,"[3.7, 3.3, 3.3, 3.3, 3.3]",3.35184
SOCI335,"[3.7, 3.7, 4.0, 4.0]",3.8920000000000003
SOCI350,"[2.7, 3.3, 3.3, 3.7, 3.7, 3.3, 3.3]",3.3641664000000002
SOCI355,"[3.0, 4.0]",3.4
SOCI365,"[3.3, 3.3, 3.3, 3.3]",3.3
SOCI366,[3.3],3.3
SOCI370,"[3.7, 3.3, 3.3, 3.3, 3.7]",3.5118400000000003
SOCI375,"[3.7, 3.7, 3.7, 3.7, 3.7]",3.7
SOCI385,[4.0],4.0
SOCI386,"[3.7, 3.3, 3.7, 3.3]",3.4824
SOCI388,"[3.3, 3.3, 3.3, 3.7, 3.3, 3.7, 3.7, 3.7]",3.6343360000000002
SOCI420,"[3.3, 3.0]",3.1799999999999997
SOCI461,[3.7],3.7
SWRK220,"[3.7, 4.0, 4.0]",3.8920000000000003
SWRK221,"[4.0, 4.0, 3.7]",3.88
SWRK222,[4.0],4.0
SWRK223,[3.7],3.7
SWRK224,"[3.7, 4.0, 4.0]",3.8920000000000003
SWRK321,[4.0],4.0
SWRK400,"[3.7, 3.7]",3.7
URBP201,[3.7],3.7
URBP506,[4.0],4.0
WCOM206,"[3.7, 3.7, 3.7]",3.7
WCOM250,[4.0],4.0
WCOM314,[3.7],3.7
WCOM317,[4.0],4.0
WCOM333,[3.7],3.7
WILD302,"[3.7, 3.7]",3.7
WILD307,"[3.3, 3.7, 3.3, 3.3, 3.7]",3.49456
WILD350,"[3.3, 3.3, 3.7]",3.46
WILD401,[3.7],3.7
WILD421,"[3.7, 3.7, 3.7]",3.7
WILD424,"[3.7, 3.3, 3.7]",3.604
WMST200,[3.3],3.3
WOOD441,[3.3],3.3
WRIT491,"[3.7, 3.7, 3.7, 3.7]",3.7
